projectName,name,pathFile,productionFile,junitVersion,loc,qtdMethods,testSmellName,testSmellMethod,testSmellLineBegin,testSmellLineEnd
archaius,ConfigLoaderTest,/root/.jnose_projects/archaius/archaius2-core/src/test/java/com/netflix/archaius/config/ConfigLoaderTest.java,/root/.jnose_projects/archaius/archaius2-api/src/main/java/com/netflix/archaius/api/ConfigLoader.java,JUnit5,21,1,Assertion Roulette,testLoadingOfNonExistantFile,19,19
archaius,AbstractConfigTest,/root/.jnose_projects/archaius/archaius2-core/src/test/java/com/netflix/archaius/config/AbstractConfigTest.java,/root/.jnose_projects/archaius/archaius2-core/src/main/java/com/netflix/archaius/config/AbstractConfig.java,JUnit5,73,4,Lazy Test,testGet,61,61
archaius,AbstractConfigTest,/root/.jnose_projects/archaius/archaius2-core/src/test/java/com/netflix/archaius/config/AbstractConfigTest.java,/root/.jnose_projects/archaius/archaius2-core/src/main/java/com/netflix/archaius/config/AbstractConfig.java,JUnit5,73,4,Assertion Roulette,testGet,61,61
archaius,AbstractConfigTest,/root/.jnose_projects/archaius/archaius2-core/src/test/java/com/netflix/archaius/config/AbstractConfigTest.java,/root/.jnose_projects/archaius/archaius2-core/src/main/java/com/netflix/archaius/config/AbstractConfig.java,JUnit5,73,4,Assertion Roulette,getExistingProperty,66,66
archaius,AbstractConfigTest,/root/.jnose_projects/archaius/archaius2-core/src/test/java/com/netflix/archaius/config/AbstractConfigTest.java,/root/.jnose_projects/archaius/archaius2-core/src/main/java/com/netflix/archaius/config/AbstractConfig.java,JUnit5,73,4,Assertion Roulette,getNonExistentProperty,71,71
archaius,CompositeConfigTest,/root/.jnose_projects/archaius/archaius2-core/src/test/java/com/netflix/archaius/config/CompositeConfigTest.java,/root/.jnose_projects/archaius/archaius2-api/src/main/java/com/netflix/archaius/api/config/CompositeConfig.java,JUnit5,300,10,Magic Number Test,testKeysIterable,192,192
archaius,CompositeConfigTest,/root/.jnose_projects/archaius/archaius2-core/src/test/java/com/netflix/archaius/config/CompositeConfigTest.java,/root/.jnose_projects/archaius/archaius2-api/src/main/java/com/netflix/archaius/api/config/CompositeConfig.java,JUnit5,300,10,Verbose Test,basicTest,54 - 96,54 - 96
archaius,CompositeConfigTest,/root/.jnose_projects/archaius/archaius2-core/src/test/java/com/netflix/archaius/config/CompositeConfigTest.java,/root/.jnose_projects/archaius/archaius2-api/src/main/java/com/netflix/archaius/api/config/CompositeConfig.java,JUnit5,300,10,Verbose Test,basicReversedTest,98 - 140,98 - 140
archaius,CompositeConfigTest,/root/.jnose_projects/archaius/archaius2-core/src/test/java/com/netflix/archaius/config/CompositeConfigTest.java,/root/.jnose_projects/archaius/archaius2-api/src/main/java/com/netflix/archaius/api/config/CompositeConfig.java,JUnit5,300,10,Verbose Test,getKeysTest,142 - 166,142 - 166
archaius,CompositeConfigTest,/root/.jnose_projects/archaius/archaius2-core/src/test/java/com/netflix/archaius/config/CompositeConfigTest.java,/root/.jnose_projects/archaius/archaius2-api/src/main/java/com/netflix/archaius/api/config/CompositeConfig.java,JUnit5,300,10,Verbose Test,instrumentationPropagation,232 - 284,232 - 284
archaius,CompositeConfigTest,/root/.jnose_projects/archaius/archaius2-core/src/test/java/com/netflix/archaius/config/CompositeConfigTest.java,/root/.jnose_projects/archaius/archaius2-api/src/main/java/com/netflix/archaius/api/config/CompositeConfig.java,JUnit5,300,10,Duplicate Assert,basicTest,85, 91, 87, 93,85, 91, 87, 93
archaius,CompositeConfigTest,/root/.jnose_projects/archaius/archaius2-core/src/test/java/com/netflix/archaius/config/CompositeConfigTest.java,/root/.jnose_projects/archaius/archaius2-api/src/main/java/com/netflix/archaius/api/config/CompositeConfig.java,JUnit5,300,10,Duplicate Assert,basicTest,85, 91, 87, 93,85, 91, 87, 93
archaius,CompositeConfigTest,/root/.jnose_projects/archaius/archaius2-core/src/test/java/com/netflix/archaius/config/CompositeConfigTest.java,/root/.jnose_projects/archaius/archaius2-api/src/main/java/com/netflix/archaius/api/config/CompositeConfig.java,JUnit5,300,10,Duplicate Assert,basicReversedTest,129, 135,129, 135
archaius,CompositeConfigTest,/root/.jnose_projects/archaius/archaius2-core/src/test/java/com/netflix/archaius/config/CompositeConfigTest.java,/root/.jnose_projects/archaius/archaius2-api/src/main/java/com/netflix/archaius/api/config/CompositeConfig.java,JUnit5,300,10,Duplicate Assert,getKeysTest,154, 159,154, 159
archaius,CompositeConfigTest,/root/.jnose_projects/archaius/archaius2-core/src/test/java/com/netflix/archaius/config/CompositeConfigTest.java,/root/.jnose_projects/archaius/archaius2-api/src/main/java/com/netflix/archaius/api/config/CompositeConfig.java,JUnit5,300,10,Assertion Roulette,basicTest,75,75
archaius,CompositeConfigTest,/root/.jnose_projects/archaius/archaius2-core/src/test/java/com/netflix/archaius/config/CompositeConfigTest.java,/root/.jnose_projects/archaius/archaius2-api/src/main/java/com/netflix/archaius/api/config/CompositeConfig.java,JUnit5,300,10,Assertion Roulette,basicTest,76,76
archaius,CompositeConfigTest,/root/.jnose_projects/archaius/archaius2-core/src/test/java/com/netflix/archaius/config/CompositeConfigTest.java,/root/.jnose_projects/archaius/archaius2-api/src/main/java/com/netflix/archaius/api/config/CompositeConfig.java,JUnit5,300,10,Assertion Roulette,basicTest,78,78
archaius,CompositeConfigTest,/root/.jnose_projects/archaius/archaius2-core/src/test/java/com/netflix/archaius/config/CompositeConfigTest.java,/root/.jnose_projects/archaius/archaius2-api/src/main/java/com/netflix/archaius/api/config/CompositeConfig.java,JUnit5,300,10,Assertion Roulette,basicTest,85,85
archaius,CompositeConfigTest,/root/.jnose_projects/archaius/archaius2-core/src/test/java/com/netflix/archaius/config/CompositeConfigTest.java,/root/.jnose_projects/archaius/archaius2-api/src/main/java/com/netflix/archaius/api/config/CompositeConfig.java,JUnit5,300,10,Assertion Roulette,basicTest,86,86
archaius,CompositeConfigTest,/root/.jnose_projects/archaius/archaius2-core/src/test/java/com/netflix/archaius/config/CompositeConfigTest.java,/root/.jnose_projects/archaius/archaius2-api/src/main/java/com/netflix/archaius/api/config/CompositeConfig.java,JUnit5,300,10,Assertion Roulette,basicTest,87,87
archaius,CompositeConfigTest,/root/.jnose_projects/archaius/archaius2-core/src/test/java/com/netflix/archaius/config/CompositeConfigTest.java,/root/.jnose_projects/archaius/archaius2-api/src/main/java/com/netflix/archaius/api/config/CompositeConfig.java,JUnit5,300,10,Assertion Roulette,basicTest,91,91
archaius,CompositeConfigTest,/root/.jnose_projects/archaius/archaius2-core/src/test/java/com/netflix/archaius/config/CompositeConfigTest.java,/root/.jnose_projects/archaius/archaius2-api/src/main/java/com/netflix/archaius/api/config/CompositeConfig.java,JUnit5,300,10,Assertion Roulette,basicTest,92,92
archaius,CompositeConfigTest,/root/.jnose_projects/archaius/archaius2-core/src/test/java/com/netflix/archaius/config/CompositeConfigTest.java,/root/.jnose_projects/archaius/archaius2-api/src/main/java/com/netflix/archaius/api/config/CompositeConfig.java,JUnit5,300,10,Assertion Roulette,basicTest,93,93
archaius,CompositeConfigTest,/root/.jnose_projects/archaius/archaius2-core/src/test/java/com/netflix/archaius/config/CompositeConfigTest.java,/root/.jnose_projects/archaius/archaius2-api/src/main/java/com/netflix/archaius/api/config/CompositeConfig.java,JUnit5,300,10,Assertion Roulette,basicReversedTest,119,119
archaius,CompositeConfigTest,/root/.jnose_projects/archaius/archaius2-core/src/test/java/com/netflix/archaius/config/CompositeConfigTest.java,/root/.jnose_projects/archaius/archaius2-api/src/main/java/com/netflix/archaius/api/config/CompositeConfig.java,JUnit5,300,10,Assertion Roulette,basicReversedTest,120,120
archaius,CompositeConfigTest,/root/.jnose_projects/archaius/archaius2-core/src/test/java/com/netflix/archaius/config/CompositeConfigTest.java,/root/.jnose_projects/archaius/archaius2-api/src/main/java/com/netflix/archaius/api/config/CompositeConfig.java,JUnit5,300,10,Assertion Roulette,basicReversedTest,122,122
archaius,CompositeConfigTest,/root/.jnose_projects/archaius/archaius2-core/src/test/java/com/netflix/archaius/config/CompositeConfigTest.java,/root/.jnose_projects/archaius/archaius2-api/src/main/java/com/netflix/archaius/api/config/CompositeConfig.java,JUnit5,300,10,Assertion Roulette,basicReversedTest,129,129
archaius,CompositeConfigTest,/root/.jnose_projects/archaius/archaius2-core/src/test/java/com/netflix/archaius/config/CompositeConfigTest.java,/root/.jnose_projects/archaius/archaius2-api/src/main/java/com/netflix/archaius/api/config/CompositeConfig.java,JUnit5,300,10,Assertion Roulette,basicReversedTest,130,130
archaius,CompositeConfigTest,/root/.jnose_projects/archaius/archaius2-core/src/test/java/com/netflix/archaius/config/CompositeConfigTest.java,/root/.jnose_projects/archaius/archaius2-api/src/main/java/com/netflix/archaius/api/config/CompositeConfig.java,JUnit5,300,10,Assertion Roulette,basicReversedTest,131,131
archaius,CompositeConfigTest,/root/.jnose_projects/archaius/archaius2-core/src/test/java/com/netflix/archaius/config/CompositeConfigTest.java,/root/.jnose_projects/archaius/archaius2-api/src/main/java/com/netflix/archaius/api/config/CompositeConfig.java,JUnit5,300,10,Assertion Roulette,basicReversedTest,135,135
archaius,CompositeConfigTest,/root/.jnose_projects/archaius/archaius2-core/src/test/java/com/netflix/archaius/config/CompositeConfigTest.java,/root/.jnose_projects/archaius/archaius2-api/src/main/java/com/netflix/archaius/api/config/CompositeConfig.java,JUnit5,300,10,Assertion Roulette,basicReversedTest,136,136
archaius,CompositeConfigTest,/root/.jnose_projects/archaius/archaius2-core/src/test/java/com/netflix/archaius/config/CompositeConfigTest.java,/root/.jnose_projects/archaius/archaius2-api/src/main/java/com/netflix/archaius/api/config/CompositeConfig.java,JUnit5,300,10,Assertion Roulette,basicReversedTest,137,137
archaius,CompositeConfigTest,/root/.jnose_projects/archaius/archaius2-core/src/test/java/com/netflix/archaius/config/CompositeConfigTest.java,/root/.jnose_projects/archaius/archaius2-api/src/main/java/com/netflix/archaius/api/config/CompositeConfig.java,JUnit5,300,10,Assertion Roulette,getKeysTest,149,149
archaius,CompositeConfigTest,/root/.jnose_projects/archaius/archaius2-core/src/test/java/com/netflix/archaius/config/CompositeConfigTest.java,/root/.jnose_projects/archaius/archaius2-api/src/main/java/com/netflix/archaius/api/config/CompositeConfig.java,JUnit5,300,10,Assertion Roulette,getKeysTest,154,154
archaius,CompositeConfigTest,/root/.jnose_projects/archaius/archaius2-core/src/test/java/com/netflix/archaius/config/CompositeConfigTest.java,/root/.jnose_projects/archaius/archaius2-api/src/main/java/com/netflix/archaius/api/config/CompositeConfig.java,JUnit5,300,10,Assertion Roulette,getKeysTest,159,159
archaius,CompositeConfigTest,/root/.jnose_projects/archaius/archaius2-core/src/test/java/com/netflix/archaius/config/CompositeConfigTest.java,/root/.jnose_projects/archaius/archaius2-api/src/main/java/com/netflix/archaius/api/config/CompositeConfig.java,JUnit5,300,10,Assertion Roulette,getKeysTest,165,165
archaius,CompositeConfigTest,/root/.jnose_projects/archaius/archaius2-core/src/test/java/com/netflix/archaius/config/CompositeConfigTest.java,/root/.jnose_projects/archaius/archaius2-api/src/main/java/com/netflix/archaius/api/config/CompositeConfig.java,JUnit5,300,10,Assertion Roulette,testGetKeysIteratorRemoveThrows,178,178
archaius,CompositeConfigTest,/root/.jnose_projects/archaius/archaius2-core/src/test/java/com/netflix/archaius/config/CompositeConfigTest.java,/root/.jnose_projects/archaius/archaius2-api/src/main/java/com/netflix/archaius/api/config/CompositeConfig.java,JUnit5,300,10,Assertion Roulette,testKeysIterable,192,192
archaius,CompositeConfigTest,/root/.jnose_projects/archaius/archaius2-core/src/test/java/com/netflix/archaius/config/CompositeConfigTest.java,/root/.jnose_projects/archaius/archaius2-api/src/main/java/com/netflix/archaius/api/config/CompositeConfig.java,JUnit5,300,10,Assertion Roulette,testKeysIterable,193,193
archaius,CompositeConfigTest,/root/.jnose_projects/archaius/archaius2-core/src/test/java/com/netflix/archaius/config/CompositeConfigTest.java,/root/.jnose_projects/archaius/archaius2-api/src/main/java/com/netflix/archaius/api/config/CompositeConfig.java,JUnit5,300,10,Assertion Roulette,unusedCompositeConfigIsGarbageCollected,218,218
archaius,CompositeConfigTest,/root/.jnose_projects/archaius/archaius2-core/src/test/java/com/netflix/archaius/config/CompositeConfigTest.java,/root/.jnose_projects/archaius/archaius2-api/src/main/java/com/netflix/archaius/api/config/CompositeConfig.java,JUnit5,300,10,Assertion Roulette,instrumentationNotEnabled,227,227
archaius,CompositeConfigTest,/root/.jnose_projects/archaius/archaius2-core/src/test/java/com/netflix/archaius/config/CompositeConfigTest.java,/root/.jnose_projects/archaius/archaius2-api/src/main/java/com/netflix/archaius/api/config/CompositeConfig.java,JUnit5,300,10,Assertion Roulette,instrumentationNotEnabled,228,228
archaius,CompositeConfigTest,/root/.jnose_projects/archaius/archaius2-core/src/test/java/com/netflix/archaius/config/CompositeConfigTest.java,/root/.jnose_projects/archaius/archaius2-api/src/main/java/com/netflix/archaius/api/config/CompositeConfig.java,JUnit5,300,10,Assertion Roulette,instrumentationNotEnabled,229,229
archaius,CompositeConfigTest,/root/.jnose_projects/archaius/archaius2-core/src/test/java/com/netflix/archaius/config/CompositeConfigTest.java,/root/.jnose_projects/archaius/archaius2-api/src/main/java/com/netflix/archaius/api/config/CompositeConfig.java,JUnit5,300,10,Assertion Roulette,instrumentationPropagation,248,248
archaius,CompositeConfigTest,/root/.jnose_projects/archaius/archaius2-core/src/test/java/com/netflix/archaius/config/CompositeConfigTest.java,/root/.jnose_projects/archaius/archaius2-api/src/main/java/com/netflix/archaius/api/config/CompositeConfig.java,JUnit5,300,10,Assertion Roulette,instrumentationPropagation,251,251
archaius,CompositeConfigTest,/root/.jnose_projects/archaius/archaius2-core/src/test/java/com/netflix/archaius/config/CompositeConfigTest.java,/root/.jnose_projects/archaius/archaius2-api/src/main/java/com/netflix/archaius/api/config/CompositeConfig.java,JUnit5,300,10,Assertion Roulette,instrumentationPropagation,254,254
archaius,CompositeConfigTest,/root/.jnose_projects/archaius/archaius2-core/src/test/java/com/netflix/archaius/config/CompositeConfigTest.java,/root/.jnose_projects/archaius/archaius2-api/src/main/java/com/netflix/archaius/api/config/CompositeConfig.java,JUnit5,300,10,Assertion Roulette,instrumentationPropagation,257,257
archaius,CompositeConfigTest,/root/.jnose_projects/archaius/archaius2-core/src/test/java/com/netflix/archaius/config/CompositeConfigTest.java,/root/.jnose_projects/archaius/archaius2-api/src/main/java/com/netflix/archaius/api/config/CompositeConfig.java,JUnit5,300,10,Assertion Roulette,instrumentationPropagation,261,261
archaius,CompositeConfigTest,/root/.jnose_projects/archaius/archaius2-core/src/test/java/com/netflix/archaius/config/CompositeConfigTest.java,/root/.jnose_projects/archaius/archaius2-api/src/main/java/com/netflix/archaius/api/config/CompositeConfig.java,JUnit5,300,10,Assertion Roulette,instrumentationPropagation,264,264
archaius,CompositeConfigTest,/root/.jnose_projects/archaius/archaius2-core/src/test/java/com/netflix/archaius/config/CompositeConfigTest.java,/root/.jnose_projects/archaius/archaius2-api/src/main/java/com/netflix/archaius/api/config/CompositeConfig.java,JUnit5,300,10,Assertion Roulette,instrumentationPropagation,268,268
archaius,CompositeConfigTest,/root/.jnose_projects/archaius/archaius2-core/src/test/java/com/netflix/archaius/config/CompositeConfigTest.java,/root/.jnose_projects/archaius/archaius2-api/src/main/java/com/netflix/archaius/api/config/CompositeConfig.java,JUnit5,300,10,Assertion Roulette,instrumentationPropagation,271,271
archaius,DefaultLayeredConfigTest,/root/.jnose_projects/archaius/archaius2-core/src/test/java/com/netflix/archaius/config/DefaultLayeredConfigTest.java,/root/.jnose_projects/archaius/archaius2-core/src/main/java/com/netflix/archaius/config/DefaultLayeredConfig.java,JUnit5,332,13,Unknown Test,validateListenerCalled,51 - 62,51 - 62
archaius,DefaultLayeredConfigTest,/root/.jnose_projects/archaius/archaius2-core/src/test/java/com/netflix/archaius/config/DefaultLayeredConfigTest.java,/root/.jnose_projects/archaius/archaius2-core/src/main/java/com/netflix/archaius/config/DefaultLayeredConfig.java,JUnit5,332,13,Magic Number Test,testKeysIterable,230,230
archaius,DefaultLayeredConfigTest,/root/.jnose_projects/archaius/archaius2-core/src/test/java/com/netflix/archaius/config/DefaultLayeredConfigTest.java,/root/.jnose_projects/archaius/archaius2-core/src/main/java/com/netflix/archaius/config/DefaultLayeredConfig.java,JUnit5,332,13,Verbose Test,validatePropertyUpdates,64 - 88,64 - 88
archaius,DefaultLayeredConfigTest,/root/.jnose_projects/archaius/archaius2-core/src/test/java/com/netflix/archaius/config/DefaultLayeredConfigTest.java,/root/.jnose_projects/archaius/archaius2-core/src/main/java/com/netflix/archaius/config/DefaultLayeredConfig.java,JUnit5,332,13,Verbose Test,validateApiWhenRemovingChild,90 - 115,90 - 115
archaius,DefaultLayeredConfigTest,/root/.jnose_projects/archaius/archaius2-core/src/test/java/com/netflix/archaius/config/DefaultLayeredConfigTest.java,/root/.jnose_projects/archaius/archaius2-core/src/main/java/com/netflix/archaius/config/DefaultLayeredConfig.java,JUnit5,332,13,Verbose Test,validateOverrideOrder,117 - 155,117 - 155
archaius,DefaultLayeredConfigTest,/root/.jnose_projects/archaius/archaius2-core/src/test/java/com/netflix/archaius/config/DefaultLayeredConfigTest.java,/root/.jnose_projects/archaius/archaius2-core/src/main/java/com/netflix/archaius/config/DefaultLayeredConfig.java,JUnit5,332,13,Verbose Test,instrumentationPropagation,264 - 316,264 - 316
archaius,DefaultLayeredConfigTest,/root/.jnose_projects/archaius/archaius2-core/src/test/java/com/netflix/archaius/config/DefaultLayeredConfigTest.java,/root/.jnose_projects/archaius/archaius2-core/src/main/java/com/netflix/archaius/config/DefaultLayeredConfig.java,JUnit5,332,13,Lazy Test,validateListenerCalled, validatePropertyUpdates, validateApiWhenRemovingChild, validateOverrideOrder, unusedLayeredConfigIsGarbageCollected, testGetKeys, testGetKeysIteratorRemoveThrows, testKeysIterable, testKeysIterableModificationThrows, instrumentationNotEnabled, instrumentationPropagation,59, 74, 100, 141, 144, 147, 150, 161, 182, 183, 204, 205, 226, 227, 246, 247, 257, 270, 274, 275, 277,59, 74, 100, 141, 144, 147, 150, 161, 182, 183, 204, 205, 226, 227, 246, 247, 257, 270, 274, 275, 277
archaius,DefaultLayeredConfigTest,/root/.jnose_projects/archaius/archaius2-core/src/test/java/com/netflix/archaius/config/DefaultLayeredConfigTest.java,/root/.jnose_projects/archaius/archaius2-core/src/main/java/com/netflix/archaius/config/DefaultLayeredConfig.java,JUnit5,332,13,Lazy Test,validateApiWhenRemovingChild, validateOverrideOrder,108, 153,108, 153
archaius,DefaultLayeredConfigTest,/root/.jnose_projects/archaius/archaius2-core/src/test/java/com/netflix/archaius/config/DefaultLayeredConfigTest.java,/root/.jnose_projects/archaius/archaius2-core/src/main/java/com/netflix/archaius/config/DefaultLayeredConfig.java,JUnit5,332,13,Duplicate Assert,validateOverrideOrder,148, 151,148, 151
archaius,DefaultLayeredConfigTest,/root/.jnose_projects/archaius/archaius2-core/src/test/java/com/netflix/archaius/config/DefaultLayeredConfigTest.java,/root/.jnose_projects/archaius/archaius2-core/src/main/java/com/netflix/archaius/config/DefaultLayeredConfig.java,JUnit5,332,13,Eager Test,validateApiWhenRemovingChild,100, 108,100, 108
archaius,DefaultLayeredConfigTest,/root/.jnose_projects/archaius/archaius2-core/src/test/java/com/netflix/archaius/config/DefaultLayeredConfigTest.java,/root/.jnose_projects/archaius/archaius2-core/src/main/java/com/netflix/archaius/config/DefaultLayeredConfig.java,JUnit5,332,13,Eager Test,validateOverrideOrder,141, 153,141, 153
archaius,DefaultLayeredConfigTest,/root/.jnose_projects/archaius/archaius2-core/src/test/java/com/netflix/archaius/config/DefaultLayeredConfigTest.java,/root/.jnose_projects/archaius/archaius2-core/src/main/java/com/netflix/archaius/config/DefaultLayeredConfig.java,JUnit5,332,13,Assertion Roulette,validateApiOnEmptyConfig,42,42
archaius,DefaultLayeredConfigTest,/root/.jnose_projects/archaius/archaius2-core/src/test/java/com/netflix/archaius/config/DefaultLayeredConfigTest.java,/root/.jnose_projects/archaius/archaius2-core/src/main/java/com/netflix/archaius/config/DefaultLayeredConfig.java,JUnit5,332,13,Assertion Roulette,validateApiOnEmptyConfig,43,43
archaius,DefaultLayeredConfigTest,/root/.jnose_projects/archaius/archaius2-core/src/test/java/com/netflix/archaius/config/DefaultLayeredConfigTest.java,/root/.jnose_projects/archaius/archaius2-core/src/main/java/com/netflix/archaius/config/DefaultLayeredConfig.java,JUnit5,332,13,Assertion Roulette,validatePropertyUpdates,77,77
archaius,DefaultLayeredConfigTest,/root/.jnose_projects/archaius/archaius2-core/src/test/java/com/netflix/archaius/config/DefaultLayeredConfigTest.java,/root/.jnose_projects/archaius/archaius2-core/src/main/java/com/netflix/archaius/config/DefaultLayeredConfig.java,JUnit5,332,13,Assertion Roulette,validatePropertyUpdates,78,78
archaius,DefaultLayeredConfigTest,/root/.jnose_projects/archaius/archaius2-core/src/test/java/com/netflix/archaius/config/DefaultLayeredConfigTest.java,/root/.jnose_projects/archaius/archaius2-core/src/main/java/com/netflix/archaius/config/DefaultLayeredConfig.java,JUnit5,332,13,Assertion Roulette,validatePropertyUpdates,84,84
archaius,DefaultLayeredConfigTest,/root/.jnose_projects/archaius/archaius2-core/src/test/java/com/netflix/archaius/config/DefaultLayeredConfigTest.java,/root/.jnose_projects/archaius/archaius2-core/src/main/java/com/netflix/archaius/config/DefaultLayeredConfig.java,JUnit5,332,13,Assertion Roulette,validatePropertyUpdates,85,85
archaius,DefaultLayeredConfigTest,/root/.jnose_projects/archaius/archaius2-core/src/test/java/com/netflix/archaius/config/DefaultLayeredConfigTest.java,/root/.jnose_projects/archaius/archaius2-core/src/main/java/com/netflix/archaius/config/DefaultLayeredConfig.java,JUnit5,332,13,Assertion Roulette,validateApiWhenRemovingChild,104,104
archaius,DefaultLayeredConfigTest,/root/.jnose_projects/archaius/archaius2-core/src/test/java/com/netflix/archaius/config/DefaultLayeredConfigTest.java,/root/.jnose_projects/archaius/archaius2-core/src/main/java/com/netflix/archaius/config/DefaultLayeredConfig.java,JUnit5,332,13,Assertion Roulette,validateApiWhenRemovingChild,105,105
archaius,DefaultLayeredConfigTest,/root/.jnose_projects/archaius/archaius2-core/src/test/java/com/netflix/archaius/config/DefaultLayeredConfigTest.java,/root/.jnose_projects/archaius/archaius2-core/src/main/java/com/netflix/archaius/config/DefaultLayeredConfig.java,JUnit5,332,13,Assertion Roulette,validateApiWhenRemovingChild,111,111
archaius,DefaultLayeredConfigTest,/root/.jnose_projects/archaius/archaius2-core/src/test/java/com/netflix/archaius/config/DefaultLayeredConfigTest.java,/root/.jnose_projects/archaius/archaius2-core/src/main/java/com/netflix/archaius/config/DefaultLayeredConfig.java,JUnit5,332,13,Assertion Roulette,validateApiWhenRemovingChild,112,112
archaius,DefaultLayeredConfigTest,/root/.jnose_projects/archaius/archaius2-core/src/test/java/com/netflix/archaius/config/DefaultLayeredConfigTest.java,/root/.jnose_projects/archaius/archaius2-core/src/main/java/com/netflix/archaius/config/DefaultLayeredConfig.java,JUnit5,332,13,Assertion Roulette,validateOverrideOrder,139,139
archaius,DefaultLayeredConfigTest,/root/.jnose_projects/archaius/archaius2-core/src/test/java/com/netflix/archaius/config/DefaultLayeredConfigTest.java,/root/.jnose_projects/archaius/archaius2-core/src/main/java/com/netflix/archaius/config/DefaultLayeredConfig.java,JUnit5,332,13,Assertion Roulette,validateOverrideOrder,142,142
archaius,DefaultLayeredConfigTest,/root/.jnose_projects/archaius/archaius2-core/src/test/java/com/netflix/archaius/config/DefaultLayeredConfigTest.java,/root/.jnose_projects/archaius/archaius2-core/src/main/java/com/netflix/archaius/config/DefaultLayeredConfig.java,JUnit5,332,13,Assertion Roulette,validateOverrideOrder,145,145
archaius,DefaultLayeredConfigTest,/root/.jnose_projects/archaius/archaius2-core/src/test/java/com/netflix/archaius/config/DefaultLayeredConfigTest.java,/root/.jnose_projects/archaius/archaius2-core/src/main/java/com/netflix/archaius/config/DefaultLayeredConfig.java,JUnit5,332,13,Assertion Roulette,validateOverrideOrder,148,148
archaius,DefaultLayeredConfigTest,/root/.jnose_projects/archaius/archaius2-core/src/test/java/com/netflix/archaius/config/DefaultLayeredConfigTest.java,/root/.jnose_projects/archaius/archaius2-core/src/main/java/com/netflix/archaius/config/DefaultLayeredConfig.java,JUnit5,332,13,Assertion Roulette,validateOverrideOrder,151,151
archaius,DefaultLayeredConfigTest,/root/.jnose_projects/archaius/archaius2-core/src/test/java/com/netflix/archaius/config/DefaultLayeredConfigTest.java,/root/.jnose_projects/archaius/archaius2-core/src/main/java/com/netflix/archaius/config/DefaultLayeredConfig.java,JUnit5,332,13,Assertion Roulette,validateOverrideOrder,154,154
archaius,DefaultLayeredConfigTest,/root/.jnose_projects/archaius/archaius2-core/src/test/java/com/netflix/archaius/config/DefaultLayeredConfigTest.java,/root/.jnose_projects/archaius/archaius2-core/src/main/java/com/netflix/archaius/config/DefaultLayeredConfig.java,JUnit5,332,13,Assertion Roulette,unusedLayeredConfigIsGarbageCollected,167,167
archaius,DefaultLayeredConfigTest,/root/.jnose_projects/archaius/archaius2-core/src/test/java/com/netflix/archaius/config/DefaultLayeredConfigTest.java,/root/.jnose_projects/archaius/archaius2-core/src/main/java/com/netflix/archaius/config/DefaultLayeredConfig.java,JUnit5,332,13,Assertion Roulette,testGetKeys,187,187
archaius,DefaultLayeredConfigTest,/root/.jnose_projects/archaius/archaius2-core/src/test/java/com/netflix/archaius/config/DefaultLayeredConfigTest.java,/root/.jnose_projects/archaius/archaius2-core/src/main/java/com/netflix/archaius/config/DefaultLayeredConfig.java,JUnit5,332,13,Assertion Roulette,testGetKeys,188,188
archaius,DefaultLayeredConfigTest,/root/.jnose_projects/archaius/archaius2-core/src/test/java/com/netflix/archaius/config/DefaultLayeredConfigTest.java,/root/.jnose_projects/archaius/archaius2-core/src/main/java/com/netflix/archaius/config/DefaultLayeredConfig.java,JUnit5,332,13,Assertion Roulette,testGetKeys,189,189
archaius,DefaultLayeredConfigTest,/root/.jnose_projects/archaius/archaius2-core/src/test/java/com/netflix/archaius/config/DefaultLayeredConfigTest.java,/root/.jnose_projects/archaius/archaius2-core/src/main/java/com/netflix/archaius/config/DefaultLayeredConfig.java,JUnit5,332,13,Assertion Roulette,testGetKeysIteratorRemoveThrows,209,209
archaius,DefaultLayeredConfigTest,/root/.jnose_projects/archaius/archaius2-core/src/test/java/com/netflix/archaius/config/DefaultLayeredConfigTest.java,/root/.jnose_projects/archaius/archaius2-core/src/main/java/com/netflix/archaius/config/DefaultLayeredConfig.java,JUnit5,332,13,Assertion Roulette,testKeysIterable,230,230
archaius,DefaultLayeredConfigTest,/root/.jnose_projects/archaius/archaius2-core/src/test/java/com/netflix/archaius/config/DefaultLayeredConfigTest.java,/root/.jnose_projects/archaius/archaius2-core/src/main/java/com/netflix/archaius/config/DefaultLayeredConfig.java,JUnit5,332,13,Assertion Roulette,testKeysIterable,231,231
archaius,DefaultLayeredConfigTest,/root/.jnose_projects/archaius/archaius2-core/src/test/java/com/netflix/archaius/config/DefaultLayeredConfigTest.java,/root/.jnose_projects/archaius/archaius2-core/src/main/java/com/netflix/archaius/config/DefaultLayeredConfig.java,JUnit5,332,13,Assertion Roulette,instrumentationNotEnabled,259,259
archaius,DefaultLayeredConfigTest,/root/.jnose_projects/archaius/archaius2-core/src/test/java/com/netflix/archaius/config/DefaultLayeredConfigTest.java,/root/.jnose_projects/archaius/archaius2-core/src/main/java/com/netflix/archaius/config/DefaultLayeredConfig.java,JUnit5,332,13,Assertion Roulette,instrumentationNotEnabled,260,260
archaius,DefaultLayeredConfigTest,/root/.jnose_projects/archaius/archaius2-core/src/test/java/com/netflix/archaius/config/DefaultLayeredConfigTest.java,/root/.jnose_projects/archaius/archaius2-core/src/main/java/com/netflix/archaius/config/DefaultLayeredConfig.java,JUnit5,332,13,Assertion Roulette,instrumentationNotEnabled,261,261
archaius,DefaultLayeredConfigTest,/root/.jnose_projects/archaius/archaius2-core/src/test/java/com/netflix/archaius/config/DefaultLayeredConfigTest.java,/root/.jnose_projects/archaius/archaius2-core/src/main/java/com/netflix/archaius/config/DefaultLayeredConfig.java,JUnit5,332,13,Assertion Roulette,instrumentationPropagation,280,280
archaius,DefaultLayeredConfigTest,/root/.jnose_projects/archaius/archaius2-core/src/test/java/com/netflix/archaius/config/DefaultLayeredConfigTest.java,/root/.jnose_projects/archaius/archaius2-core/src/main/java/com/netflix/archaius/config/DefaultLayeredConfig.java,JUnit5,332,13,Assertion Roulette,instrumentationPropagation,283,283
archaius,DefaultLayeredConfigTest,/root/.jnose_projects/archaius/archaius2-core/src/test/java/com/netflix/archaius/config/DefaultLayeredConfigTest.java,/root/.jnose_projects/archaius/archaius2-core/src/main/java/com/netflix/archaius/config/DefaultLayeredConfig.java,JUnit5,332,13,Assertion Roulette,instrumentationPropagation,286,286
archaius,DefaultLayeredConfigTest,/root/.jnose_projects/archaius/archaius2-core/src/test/java/com/netflix/archaius/config/DefaultLayeredConfigTest.java,/root/.jnose_projects/archaius/archaius2-core/src/main/java/com/netflix/archaius/config/DefaultLayeredConfig.java,JUnit5,332,13,Assertion Roulette,instrumentationPropagation,289,289
archaius,DefaultLayeredConfigTest,/root/.jnose_projects/archaius/archaius2-core/src/test/java/com/netflix/archaius/config/DefaultLayeredConfigTest.java,/root/.jnose_projects/archaius/archaius2-core/src/main/java/com/netflix/archaius/config/DefaultLayeredConfig.java,JUnit5,332,13,Assertion Roulette,instrumentationPropagation,293,293
archaius,DefaultLayeredConfigTest,/root/.jnose_projects/archaius/archaius2-core/src/test/java/com/netflix/archaius/config/DefaultLayeredConfigTest.java,/root/.jnose_projects/archaius/archaius2-core/src/main/java/com/netflix/archaius/config/DefaultLayeredConfig.java,JUnit5,332,13,Assertion Roulette,instrumentationPropagation,296,296
archaius,DefaultLayeredConfigTest,/root/.jnose_projects/archaius/archaius2-core/src/test/java/com/netflix/archaius/config/DefaultLayeredConfigTest.java,/root/.jnose_projects/archaius/archaius2-core/src/main/java/com/netflix/archaius/config/DefaultLayeredConfig.java,JUnit5,332,13,Assertion Roulette,instrumentationPropagation,300,300
archaius,DefaultLayeredConfigTest,/root/.jnose_projects/archaius/archaius2-core/src/test/java/com/netflix/archaius/config/DefaultLayeredConfigTest.java,/root/.jnose_projects/archaius/archaius2-core/src/main/java/com/netflix/archaius/config/DefaultLayeredConfig.java,JUnit5,332,13,Assertion Roulette,instrumentationPropagation,303,303
archaius,DefaultSettableConfigTest,/root/.jnose_projects/archaius/archaius2-core/src/test/java/com/netflix/archaius/config/DefaultSettableConfigTest.java,/root/.jnose_projects/archaius/archaius2-core/src/main/java/com/netflix/archaius/config/DefaultSettableConfig.java,JUnit5,115,4,Magic Number Test,testKeysIterable,71,71
archaius,DefaultSettableConfigTest,/root/.jnose_projects/archaius/archaius2-core/src/test/java/com/netflix/archaius/config/DefaultSettableConfigTest.java,/root/.jnose_projects/archaius/archaius2-core/src/main/java/com/netflix/archaius/config/DefaultSettableConfig.java,JUnit5,115,4,Verbose Test,testGetKeys,17 - 40,17 - 40
archaius,DefaultSettableConfigTest,/root/.jnose_projects/archaius/archaius2-core/src/test/java/com/netflix/archaius/config/DefaultSettableConfigTest.java,/root/.jnose_projects/archaius/archaius2-core/src/main/java/com/netflix/archaius/config/DefaultSettableConfig.java,JUnit5,115,4,Verbose Test,testGetKeysIteratorRemoveThrows,42 - 65,42 - 65
archaius,DefaultSettableConfigTest,/root/.jnose_projects/archaius/archaius2-core/src/test/java/com/netflix/archaius/config/DefaultSettableConfigTest.java,/root/.jnose_projects/archaius/archaius2-core/src/main/java/com/netflix/archaius/config/DefaultSettableConfig.java,JUnit5,115,4,Verbose Test,testKeysIterable,67 - 89,67 - 89
archaius,DefaultSettableConfigTest,/root/.jnose_projects/archaius/archaius2-core/src/test/java/com/netflix/archaius/config/DefaultSettableConfigTest.java,/root/.jnose_projects/archaius/archaius2-core/src/main/java/com/netflix/archaius/config/DefaultSettableConfig.java,JUnit5,115,4,Verbose Test,testKeysIterableModificationThrows,91 - 114,91 - 114
archaius,DefaultSettableConfigTest,/root/.jnose_projects/archaius/archaius2-core/src/test/java/com/netflix/archaius/config/DefaultSettableConfigTest.java,/root/.jnose_projects/archaius/archaius2-core/src/main/java/com/netflix/archaius/config/DefaultSettableConfig.java,JUnit5,115,4,Lazy Test,testGetKeys, testGetKeysIteratorRemoveThrows,22, 28, 31, 34, 39, 50, 54, 58, 64,22, 28, 31, 34, 39, 50, 54, 58, 64
archaius,DefaultSettableConfigTest,/root/.jnose_projects/archaius/archaius2-core/src/test/java/com/netflix/archaius/config/DefaultSettableConfigTest.java,/root/.jnose_projects/archaius/archaius2-core/src/main/java/com/netflix/archaius/config/DefaultSettableConfig.java,JUnit5,115,4,Lazy Test,testGetKeys, testGetKeysIteratorRemoveThrows, testKeysIterable, testKeysIterableModificationThrows,24, 25, 26, 47, 48, 73, 74, 75, 95, 96,24, 25, 26, 47, 48, 73, 74, 75, 95, 96
archaius,DefaultSettableConfigTest,/root/.jnose_projects/archaius/archaius2-core/src/test/java/com/netflix/archaius/config/DefaultSettableConfigTest.java,/root/.jnose_projects/archaius/archaius2-core/src/main/java/com/netflix/archaius/config/DefaultSettableConfig.java,JUnit5,115,4,Lazy Test,testGetKeys, testGetKeysIteratorRemoveThrows, testKeysIterable, testKeysIterableModificationThrows,30, 52, 79, 100,30, 52, 79, 100
archaius,DefaultSettableConfigTest,/root/.jnose_projects/archaius/archaius2-core/src/test/java/com/netflix/archaius/config/DefaultSettableConfigTest.java,/root/.jnose_projects/archaius/archaius2-core/src/main/java/com/netflix/archaius/config/DefaultSettableConfig.java,JUnit5,115,4,Lazy Test,testGetKeys, testGetKeysIteratorRemoveThrows, testKeysIterable, testKeysIterableModificationThrows,33, 38, 56, 62, 82, 87, 104, 110,33, 38, 56, 62, 82, 87, 104, 110
archaius,DefaultSettableConfigTest,/root/.jnose_projects/archaius/archaius2-core/src/test/java/com/netflix/archaius/config/DefaultSettableConfigTest.java,/root/.jnose_projects/archaius/archaius2-core/src/main/java/com/netflix/archaius/config/DefaultSettableConfig.java,JUnit5,115,4,Lazy Test,testKeysIterable, testKeysIterableModificationThrows,71, 77, 80, 83, 88, 98, 102, 106, 112, 113,71, 77, 80, 83, 88, 98, 102, 106, 112, 113
archaius,DefaultSettableConfigTest,/root/.jnose_projects/archaius/archaius2-core/src/test/java/com/netflix/archaius/config/DefaultSettableConfigTest.java,/root/.jnose_projects/archaius/archaius2-core/src/main/java/com/netflix/archaius/config/DefaultSettableConfig.java,JUnit5,115,4,Eager Test,testGetKeys,22, 24, 30, 33,22, 24, 30, 33
archaius,DefaultSettableConfigTest,/root/.jnose_projects/archaius/archaius2-core/src/test/java/com/netflix/archaius/config/DefaultSettableConfigTest.java,/root/.jnose_projects/archaius/archaius2-core/src/main/java/com/netflix/archaius/config/DefaultSettableConfig.java,JUnit5,115,4,Eager Test,testGetKeysIteratorRemoveThrows,47, 50, 52, 56,47, 50, 52, 56
archaius,DefaultSettableConfigTest,/root/.jnose_projects/archaius/archaius2-core/src/test/java/com/netflix/archaius/config/DefaultSettableConfigTest.java,/root/.jnose_projects/archaius/archaius2-core/src/main/java/com/netflix/archaius/config/DefaultSettableConfig.java,JUnit5,115,4,Eager Test,testKeysIterable,71, 73, 79, 82,71, 73, 79, 82
archaius,DefaultSettableConfigTest,/root/.jnose_projects/archaius/archaius2-core/src/test/java/com/netflix/archaius/config/DefaultSettableConfigTest.java,/root/.jnose_projects/archaius/archaius2-core/src/main/java/com/netflix/archaius/config/DefaultSettableConfig.java,JUnit5,115,4,Eager Test,testKeysIterableModificationThrows,95, 98, 100, 104,95, 98, 100, 104
archaius,DefaultSettableConfigTest,/root/.jnose_projects/archaius/archaius2-core/src/test/java/com/netflix/archaius/config/DefaultSettableConfigTest.java,/root/.jnose_projects/archaius/archaius2-core/src/main/java/com/netflix/archaius/config/DefaultSettableConfig.java,JUnit5,115,4,Assertion Roulette,testGetKeys,22,22
archaius,DefaultSettableConfigTest,/root/.jnose_projects/archaius/archaius2-core/src/test/java/com/netflix/archaius/config/DefaultSettableConfigTest.java,/root/.jnose_projects/archaius/archaius2-core/src/main/java/com/netflix/archaius/config/DefaultSettableConfig.java,JUnit5,115,4,Assertion Roulette,testGetKeys,28,28
archaius,DefaultSettableConfigTest,/root/.jnose_projects/archaius/archaius2-core/src/test/java/com/netflix/archaius/config/DefaultSettableConfigTest.java,/root/.jnose_projects/archaius/archaius2-core/src/main/java/com/netflix/archaius/config/DefaultSettableConfig.java,JUnit5,115,4,Assertion Roulette,testGetKeys,31,31
archaius,DefaultSettableConfigTest,/root/.jnose_projects/archaius/archaius2-core/src/test/java/com/netflix/archaius/config/DefaultSettableConfigTest.java,/root/.jnose_projects/archaius/archaius2-core/src/main/java/com/netflix/archaius/config/DefaultSettableConfig.java,JUnit5,115,4,Assertion Roulette,testGetKeys,34,34
archaius,DefaultSettableConfigTest,/root/.jnose_projects/archaius/archaius2-core/src/test/java/com/netflix/archaius/config/DefaultSettableConfigTest.java,/root/.jnose_projects/archaius/archaius2-core/src/main/java/com/netflix/archaius/config/DefaultSettableConfig.java,JUnit5,115,4,Assertion Roulette,testGetKeys,39,39
archaius,DefaultSettableConfigTest,/root/.jnose_projects/archaius/archaius2-core/src/test/java/com/netflix/archaius/config/DefaultSettableConfigTest.java,/root/.jnose_projects/archaius/archaius2-core/src/main/java/com/netflix/archaius/config/DefaultSettableConfig.java,JUnit5,115,4,Assertion Roulette,testKeysIterable,71,71
archaius,DefaultSettableConfigTest,/root/.jnose_projects/archaius/archaius2-core/src/test/java/com/netflix/archaius/config/DefaultSettableConfigTest.java,/root/.jnose_projects/archaius/archaius2-core/src/main/java/com/netflix/archaius/config/DefaultSettableConfig.java,JUnit5,115,4,Assertion Roulette,testKeysIterable,77,77
archaius,DefaultSettableConfigTest,/root/.jnose_projects/archaius/archaius2-core/src/test/java/com/netflix/archaius/config/DefaultSettableConfigTest.java,/root/.jnose_projects/archaius/archaius2-core/src/main/java/com/netflix/archaius/config/DefaultSettableConfig.java,JUnit5,115,4,Assertion Roulette,testKeysIterable,80,80
archaius,DefaultSettableConfigTest,/root/.jnose_projects/archaius/archaius2-core/src/test/java/com/netflix/archaius/config/DefaultSettableConfigTest.java,/root/.jnose_projects/archaius/archaius2-core/src/main/java/com/netflix/archaius/config/DefaultSettableConfig.java,JUnit5,115,4,Assertion Roulette,testKeysIterable,83,83
archaius,DefaultSettableConfigTest,/root/.jnose_projects/archaius/archaius2-core/src/test/java/com/netflix/archaius/config/DefaultSettableConfigTest.java,/root/.jnose_projects/archaius/archaius2-core/src/main/java/com/netflix/archaius/config/DefaultSettableConfig.java,JUnit5,115,4,Assertion Roulette,testKeysIterable,88,88
archaius,MapConfigTest,/root/.jnose_projects/archaius/archaius2-core/src/test/java/com/netflix/archaius/config/MapConfigTest.java,/root/.jnose_projects/archaius/archaius2-core/src/main/java/com/netflix/archaius/config/MapConfig.java,JUnit5,243,30,Magic Number Test,getKeys,203,203
archaius,MapConfigTest,/root/.jnose_projects/archaius/archaius2-core/src/test/java/com/netflix/archaius/config/MapConfigTest.java,/root/.jnose_projects/archaius/archaius2-core/src/main/java/com/netflix/archaius/config/MapConfig.java,JUnit5,243,30,Magic Number Test,testKeysIterable,229,229
archaius,MapConfigTest,/root/.jnose_projects/archaius/archaius2-core/src/test/java/com/netflix/archaius/config/MapConfigTest.java,/root/.jnose_projects/archaius/archaius2-core/src/main/java/com/netflix/archaius/config/MapConfig.java,JUnit5,243,30,Verbose Test,getKeys,186 - 205,186 - 205
archaius,MapConfigTest,/root/.jnose_projects/archaius/archaius2-core/src/test/java/com/netflix/archaius/config/MapConfigTest.java,/root/.jnose_projects/archaius/archaius2-core/src/main/java/com/netflix/archaius/config/MapConfig.java,JUnit5,243,30,Lazy Test,interpolationShouldWork, interpolationWithDefaultReplacement, infiniteInterpolationRecursionShouldFail, numericInterpolationShouldWork, getKeysIteratorRemoveThrows, testKeysIterable, testKeysIterableModificationThrows,149, 159, 169, 179, 209, 223, 235,149, 159, 169, 179, 209, 223, 235
archaius,MapConfigTest,/root/.jnose_projects/archaius/archaius2-core/src/test/java/com/netflix/archaius/config/MapConfigTest.java,/root/.jnose_projects/archaius/archaius2-core/src/main/java/com/netflix/archaius/config/MapConfig.java,JUnit5,243,30,Lazy Test,interpolationShouldWork, interpolationWithDefaultReplacement, infiniteInterpolationRecursionShouldFail, numericInterpolationShouldWork, getKeys, getKeysIteratorRemoveThrows, testKeysIterable, testKeysIterableModificationThrows,149, 149, 159, 159, 169, 169, 179, 179, 189, 190, 209, 209, 223, 223, 235, 235,149, 149, 159, 159, 169, 169, 179, 179, 189, 190, 209, 209, 223, 223, 235, 235
archaius,MapConfigTest,/root/.jnose_projects/archaius/archaius2-core/src/test/java/com/netflix/archaius/config/MapConfigTest.java,/root/.jnose_projects/archaius/archaius2-core/src/main/java/com/netflix/archaius/config/MapConfig.java,JUnit5,243,30,Lazy Test,interpolationShouldWork, interpolationWithDefaultReplacement, infiniteInterpolationRecursionShouldFail, numericInterpolationShouldWork, getKeysIteratorRemoveThrows, testKeysIterable, testKeysIterableModificationThrows,149, 159, 169, 179, 209, 223, 235,149, 159, 169, 179, 209, 223, 235
archaius,MapConfigTest,/root/.jnose_projects/archaius/archaius2-core/src/test/java/com/netflix/archaius/config/MapConfigTest.java,/root/.jnose_projects/archaius/archaius2-core/src/main/java/com/netflix/archaius/config/MapConfig.java,JUnit5,243,30,Lazy Test,getKeys,192,192
archaius,MapConfigTest,/root/.jnose_projects/archaius/archaius2-core/src/test/java/com/netflix/archaius/config/MapConfigTest.java,/root/.jnose_projects/archaius/archaius2-core/src/main/java/com/netflix/archaius/config/MapConfig.java,JUnit5,243,30,Lazy Test,getKeys, getKeysIteratorRemoveThrows,195, 214,195, 214
archaius,MapConfigTest,/root/.jnose_projects/archaius/archaius2-core/src/test/java/com/netflix/archaius/config/MapConfigTest.java,/root/.jnose_projects/archaius/archaius2-core/src/main/java/com/netflix/archaius/config/MapConfig.java,JUnit5,243,30,Lazy Test,testKeysIterable, testKeysIterableModificationThrows,227, 240, 241,227, 240, 241
archaius,MapConfigTest,/root/.jnose_projects/archaius/archaius2-core/src/test/java/com/netflix/archaius/config/MapConfigTest.java,/root/.jnose_projects/archaius/archaius2-core/src/main/java/com/netflix/archaius/config/MapConfig.java,JUnit5,243,30,Eager Test,interpolationShouldWork,149, 149, 149,149, 149, 149
archaius,MapConfigTest,/root/.jnose_projects/archaius/archaius2-core/src/test/java/com/netflix/archaius/config/MapConfigTest.java,/root/.jnose_projects/archaius/archaius2-core/src/main/java/com/netflix/archaius/config/MapConfig.java,JUnit5,243,30,Eager Test,interpolationWithDefaultReplacement,159, 159, 159,159, 159, 159
archaius,MapConfigTest,/root/.jnose_projects/archaius/archaius2-core/src/test/java/com/netflix/archaius/config/MapConfigTest.java,/root/.jnose_projects/archaius/archaius2-core/src/main/java/com/netflix/archaius/config/MapConfig.java,JUnit5,243,30,Eager Test,infiniteInterpolationRecursionShouldFail,169, 169, 169,169, 169, 169
archaius,MapConfigTest,/root/.jnose_projects/archaius/archaius2-core/src/test/java/com/netflix/archaius/config/MapConfigTest.java,/root/.jnose_projects/archaius/archaius2-core/src/main/java/com/netflix/archaius/config/MapConfig.java,JUnit5,243,30,Eager Test,numericInterpolationShouldWork,179, 179, 179,179, 179, 179
archaius,MapConfigTest,/root/.jnose_projects/archaius/archaius2-core/src/test/java/com/netflix/archaius/config/MapConfigTest.java,/root/.jnose_projects/archaius/archaius2-core/src/main/java/com/netflix/archaius/config/MapConfig.java,JUnit5,243,30,Eager Test,getKeys,189, 192, 195,189, 192, 195
archaius,MapConfigTest,/root/.jnose_projects/archaius/archaius2-core/src/test/java/com/netflix/archaius/config/MapConfigTest.java,/root/.jnose_projects/archaius/archaius2-core/src/main/java/com/netflix/archaius/config/MapConfig.java,JUnit5,243,30,Eager Test,getKeysIteratorRemoveThrows,209, 209, 209, 214,209, 209, 209, 214
archaius,MapConfigTest,/root/.jnose_projects/archaius/archaius2-core/src/test/java/com/netflix/archaius/config/MapConfigTest.java,/root/.jnose_projects/archaius/archaius2-core/src/main/java/com/netflix/archaius/config/MapConfig.java,JUnit5,243,30,Eager Test,testKeysIterable,223, 223, 223, 227,223, 223, 223, 227
archaius,MapConfigTest,/root/.jnose_projects/archaius/archaius2-core/src/test/java/com/netflix/archaius/config/MapConfigTest.java,/root/.jnose_projects/archaius/archaius2-core/src/main/java/com/netflix/archaius/config/MapConfig.java,JUnit5,243,30,Eager Test,testKeysIterableModificationThrows,235, 235, 235, 240,235, 235, 235, 240
archaius,MapConfigTest,/root/.jnose_projects/archaius/archaius2-core/src/test/java/com/netflix/archaius/config/MapConfigTest.java,/root/.jnose_projects/archaius/archaius2-core/src/main/java/com/netflix/archaius/config/MapConfig.java,JUnit5,243,30,Assertion Roulette,interpolationShouldWork,154,154
archaius,MapConfigTest,/root/.jnose_projects/archaius/archaius2-core/src/test/java/com/netflix/archaius/config/MapConfigTest.java,/root/.jnose_projects/archaius/archaius2-core/src/main/java/com/netflix/archaius/config/MapConfig.java,JUnit5,243,30,Assertion Roulette,interpolationWithDefaultReplacement,164,164
archaius,MapConfigTest,/root/.jnose_projects/archaius/archaius2-core/src/test/java/com/netflix/archaius/config/MapConfigTest.java,/root/.jnose_projects/archaius/archaius2-core/src/main/java/com/netflix/archaius/config/MapConfig.java,JUnit5,243,30,Assertion Roulette,numericInterpolationShouldWork,183,183
archaius,MapConfigTest,/root/.jnose_projects/archaius/archaius2-core/src/test/java/com/netflix/archaius/config/MapConfigTest.java,/root/.jnose_projects/archaius/archaius2-core/src/main/java/com/netflix/archaius/config/MapConfig.java,JUnit5,243,30,Assertion Roulette,getKeys,196,196
archaius,MapConfigTest,/root/.jnose_projects/archaius/archaius2-core/src/test/java/com/netflix/archaius/config/MapConfigTest.java,/root/.jnose_projects/archaius/archaius2-core/src/main/java/com/netflix/archaius/config/MapConfig.java,JUnit5,243,30,Assertion Roulette,getKeys,203,203
archaius,MapConfigTest,/root/.jnose_projects/archaius/archaius2-core/src/test/java/com/netflix/archaius/config/MapConfigTest.java,/root/.jnose_projects/archaius/archaius2-core/src/main/java/com/netflix/archaius/config/MapConfig.java,JUnit5,243,30,Assertion Roulette,getKeys,204,204
archaius,MapConfigTest,/root/.jnose_projects/archaius/archaius2-core/src/test/java/com/netflix/archaius/config/MapConfigTest.java,/root/.jnose_projects/archaius/archaius2-core/src/main/java/com/netflix/archaius/config/MapConfig.java,JUnit5,243,30,Assertion Roulette,getKeysIteratorRemoveThrows,216,216
archaius,MapConfigTest,/root/.jnose_projects/archaius/archaius2-core/src/test/java/com/netflix/archaius/config/MapConfigTest.java,/root/.jnose_projects/archaius/archaius2-core/src/main/java/com/netflix/archaius/config/MapConfig.java,JUnit5,243,30,Assertion Roulette,testKeysIterable,229,229
archaius,MapConfigTest,/root/.jnose_projects/archaius/archaius2-core/src/test/java/com/netflix/archaius/config/MapConfigTest.java,/root/.jnose_projects/archaius/archaius2-core/src/main/java/com/netflix/archaius/config/MapConfig.java,JUnit5,243,30,Assertion Roulette,testKeysIterable,230,230
archaius,MapConfigTest,/root/.jnose_projects/archaius/archaius2-core/src/test/java/com/netflix/archaius/config/MapConfigTest.java,/root/.jnose_projects/archaius/archaius2-core/src/main/java/com/netflix/archaius/config/MapConfig.java,JUnit5,243,30,Conditional Test Logic,getKeys,199 - 201,199 - 201
archaius,PollingDynamicConfigTest,/root/.jnose_projects/archaius/archaius2-core/src/test/java/com/netflix/archaius/config/PollingDynamicConfigTest.java,/root/.jnose_projects/archaius/archaius2-core/src/main/java/com/netflix/archaius/config/PollingDynamicConfig.java,JUnit5,346,16,Magic Number Test,testCombineSources,114,114
archaius,PollingDynamicConfigTest,/root/.jnose_projects/archaius/archaius2-core/src/test/java/com/netflix/archaius/config/PollingDynamicConfigTest.java,/root/.jnose_projects/archaius/archaius2-core/src/main/java/com/netflix/archaius/config/PollingDynamicConfig.java,JUnit5,346,16,Magic Number Test,testDynamicConfigFailures,207,207
archaius,PollingDynamicConfigTest,/root/.jnose_projects/archaius/archaius2-core/src/test/java/com/netflix/archaius/config/PollingDynamicConfigTest.java,/root/.jnose_projects/archaius/archaius2-core/src/main/java/com/netflix/archaius/config/PollingDynamicConfig.java,JUnit5,346,16,Magic Number Test,testDynamicConfigFailures,208,208
archaius,PollingDynamicConfigTest,/root/.jnose_projects/archaius/archaius2-core/src/test/java/com/netflix/archaius/config/PollingDynamicConfigTest.java,/root/.jnose_projects/archaius/archaius2-core/src/main/java/com/netflix/archaius/config/PollingDynamicConfig.java,JUnit5,346,16,Magic Number Test,testDynamicConfigFailures,222,222
archaius,PollingDynamicConfigTest,/root/.jnose_projects/archaius/archaius2-core/src/test/java/com/netflix/archaius/config/PollingDynamicConfigTest.java,/root/.jnose_projects/archaius/archaius2-core/src/main/java/com/netflix/archaius/config/PollingDynamicConfig.java,JUnit5,346,16,Magic Number Test,testDynamicConfigFailures,223,223
archaius,PollingDynamicConfigTest,/root/.jnose_projects/archaius/archaius2-core/src/test/java/com/netflix/archaius/config/PollingDynamicConfigTest.java,/root/.jnose_projects/archaius/archaius2-core/src/main/java/com/netflix/archaius/config/PollingDynamicConfig.java,JUnit5,346,16,Magic Number Test,testDynamicConfigFailures,231,231
archaius,PollingDynamicConfigTest,/root/.jnose_projects/archaius/archaius2-core/src/test/java/com/netflix/archaius/config/PollingDynamicConfigTest.java,/root/.jnose_projects/archaius/archaius2-core/src/main/java/com/netflix/archaius/config/PollingDynamicConfig.java,JUnit5,346,16,Magic Number Test,testDynamicConfigFailures,232,232
archaius,PollingDynamicConfigTest,/root/.jnose_projects/archaius/archaius2-core/src/test/java/com/netflix/archaius/config/PollingDynamicConfigTest.java,/root/.jnose_projects/archaius/archaius2-core/src/main/java/com/netflix/archaius/config/PollingDynamicConfig.java,JUnit5,346,16,Magic Number Test,testGetKeys,257,257
archaius,PollingDynamicConfigTest,/root/.jnose_projects/archaius/archaius2-core/src/test/java/com/netflix/archaius/config/PollingDynamicConfigTest.java,/root/.jnose_projects/archaius/archaius2-core/src/main/java/com/netflix/archaius/config/PollingDynamicConfig.java,JUnit5,346,16,Magic Number Test,testKeysIterable,293,293
archaius,PollingDynamicConfigTest,/root/.jnose_projects/archaius/archaius2-core/src/test/java/com/netflix/archaius/config/PollingDynamicConfigTest.java,/root/.jnose_projects/archaius/archaius2-core/src/main/java/com/netflix/archaius/config/PollingDynamicConfig.java,JUnit5,346,16,Verbose Test,testBasicRead,78 - 96,78 - 96
archaius,PollingDynamicConfigTest,/root/.jnose_projects/archaius/archaius2-core/src/test/java/com/netflix/archaius/config/PollingDynamicConfigTest.java,/root/.jnose_projects/archaius/archaius2-core/src/main/java/com/netflix/archaius/config/PollingDynamicConfig.java,JUnit5,346,16,Verbose Test,testDynamicConfig,129 - 173,129 - 173
archaius,PollingDynamicConfigTest,/root/.jnose_projects/archaius/archaius2-core/src/test/java/com/netflix/archaius/config/PollingDynamicConfigTest.java,/root/.jnose_projects/archaius/archaius2-core/src/main/java/com/netflix/archaius/config/PollingDynamicConfig.java,JUnit5,346,16,Verbose Test,testDynamicConfigFailures,175 - 234,175 - 234
archaius,PollingDynamicConfigTest,/root/.jnose_projects/archaius/archaius2-core/src/test/java/com/netflix/archaius/config/PollingDynamicConfigTest.java,/root/.jnose_projects/archaius/archaius2-core/src/main/java/com/netflix/archaius/config/PollingDynamicConfig.java,JUnit5,346,16,Verbose Test,testGetKeys,236 - 260,236 - 260
archaius,PollingDynamicConfigTest,/root/.jnose_projects/archaius/archaius2-core/src/test/java/com/netflix/archaius/config/PollingDynamicConfigTest.java,/root/.jnose_projects/archaius/archaius2-core/src/main/java/com/netflix/archaius/config/PollingDynamicConfig.java,JUnit5,346,16,Verbose Test,testInstrumentation,313 - 345,313 - 345
archaius,PollingDynamicConfigTest,/root/.jnose_projects/archaius/archaius2-core/src/test/java/com/netflix/archaius/config/PollingDynamicConfigTest.java,/root/.jnose_projects/archaius/archaius2-core/src/main/java/com/netflix/archaius/config/PollingDynamicConfig.java,JUnit5,346,16,Lazy Test,testBasicRead, testCombineSources, testDynamicConfig,89, 94, 106, 107, 151,89, 94, 106, 107, 151
archaius,PollingDynamicConfigTest,/root/.jnose_projects/archaius/archaius2-core/src/test/java/com/netflix/archaius/config/PollingDynamicConfigTest.java,/root/.jnose_projects/archaius/archaius2-core/src/main/java/com/netflix/archaius/config/PollingDynamicConfig.java,JUnit5,346,16,Lazy Test,testGetKeys, testGetKeysIteratorRemoveThrows,246, 251, 273,246, 251, 273
archaius,PollingDynamicConfigTest,/root/.jnose_projects/archaius/archaius2-core/src/test/java/com/netflix/archaius/config/PollingDynamicConfigTest.java,/root/.jnose_projects/archaius/archaius2-core/src/main/java/com/netflix/archaius/config/PollingDynamicConfig.java,JUnit5,346,16,Lazy Test,testKeysIterable, testKeysIterableModificationThrows,292, 309, 310,292, 309, 310
archaius,PollingDynamicConfigTest,/root/.jnose_projects/archaius/archaius2-core/src/test/java/com/netflix/archaius/config/PollingDynamicConfigTest.java,/root/.jnose_projects/archaius/archaius2-core/src/main/java/com/netflix/archaius/config/PollingDynamicConfig.java,JUnit5,346,16,Lazy Test,testInstrumentation,329,329
archaius,PollingDynamicConfigTest,/root/.jnose_projects/archaius/archaius2-core/src/test/java/com/netflix/archaius/config/PollingDynamicConfigTest.java,/root/.jnose_projects/archaius/archaius2-core/src/main/java/com/netflix/archaius/config/PollingDynamicConfig.java,JUnit5,346,16,Lazy Test,testInstrumentation,331,331
archaius,PollingDynamicConfigTest,/root/.jnose_projects/archaius/archaius2-core/src/test/java/com/netflix/archaius/config/PollingDynamicConfigTest.java,/root/.jnose_projects/archaius/archaius2-core/src/main/java/com/netflix/archaius/config/PollingDynamicConfig.java,JUnit5,346,16,Lazy Test,testInstrumentation,335,335
archaius,PollingDynamicConfigTest,/root/.jnose_projects/archaius/archaius2-core/src/test/java/com/netflix/archaius/config/PollingDynamicConfigTest.java,/root/.jnose_projects/archaius/archaius2-core/src/main/java/com/netflix/archaius/config/PollingDynamicConfig.java,JUnit5,346,16,Lazy Test,testInstrumentation,338,338
archaius,PollingDynamicConfigTest,/root/.jnose_projects/archaius/archaius2-core/src/test/java/com/netflix/archaius/config/PollingDynamicConfigTest.java,/root/.jnose_projects/archaius/archaius2-core/src/main/java/com/netflix/archaius/config/PollingDynamicConfig.java,JUnit5,346,16,Lazy Test,testInstrumentation,343,343
archaius,PollingDynamicConfigTest,/root/.jnose_projects/archaius/archaius2-core/src/test/java/com/netflix/archaius/config/PollingDynamicConfigTest.java,/root/.jnose_projects/archaius/archaius2-core/src/main/java/com/netflix/archaius/config/PollingDynamicConfig.java,JUnit5,346,16,Duplicate Assert,testBasicRead,89, 94,89, 94
archaius,PollingDynamicConfigTest,/root/.jnose_projects/archaius/archaius2-core/src/test/java/com/netflix/archaius/config/PollingDynamicConfigTest.java,/root/.jnose_projects/archaius/archaius2-core/src/main/java/com/netflix/archaius/config/PollingDynamicConfig.java,JUnit5,346,16,Duplicate Assert,testDynamicConfig,152, 157, 153, 158, 165, 172,152, 157, 153, 158, 165, 172
archaius,PollingDynamicConfigTest,/root/.jnose_projects/archaius/archaius2-core/src/test/java/com/netflix/archaius/config/PollingDynamicConfigTest.java,/root/.jnose_projects/archaius/archaius2-core/src/main/java/com/netflix/archaius/config/PollingDynamicConfig.java,JUnit5,346,16,Duplicate Assert,testDynamicConfig,152, 157, 153, 158, 165, 172,152, 157, 153, 158, 165, 172
archaius,PollingDynamicConfigTest,/root/.jnose_projects/archaius/archaius2-core/src/test/java/com/netflix/archaius/config/PollingDynamicConfigTest.java,/root/.jnose_projects/archaius/archaius2-core/src/main/java/com/netflix/archaius/config/PollingDynamicConfig.java,JUnit5,346,16,Duplicate Assert,testDynamicConfig,152, 157, 153, 158, 165, 172,152, 157, 153, 158, 165, 172
archaius,PollingDynamicConfigTest,/root/.jnose_projects/archaius/archaius2-core/src/test/java/com/netflix/archaius/config/PollingDynamicConfigTest.java,/root/.jnose_projects/archaius/archaius2-core/src/main/java/com/netflix/archaius/config/PollingDynamicConfig.java,JUnit5,346,16,Duplicate Assert,testDynamicConfigFailures,206, 224, 208, 223, 222, 231,206, 224, 208, 223, 222, 231
archaius,PollingDynamicConfigTest,/root/.jnose_projects/archaius/archaius2-core/src/test/java/com/netflix/archaius/config/PollingDynamicConfigTest.java,/root/.jnose_projects/archaius/archaius2-core/src/main/java/com/netflix/archaius/config/PollingDynamicConfig.java,JUnit5,346,16,Duplicate Assert,testDynamicConfigFailures,206, 224, 208, 223, 222, 231,206, 224, 208, 223, 222, 231
archaius,PollingDynamicConfigTest,/root/.jnose_projects/archaius/archaius2-core/src/test/java/com/netflix/archaius/config/PollingDynamicConfigTest.java,/root/.jnose_projects/archaius/archaius2-core/src/main/java/com/netflix/archaius/config/PollingDynamicConfig.java,JUnit5,346,16,Duplicate Assert,testDynamicConfigFailures,206, 224, 208, 223, 222, 231,206, 224, 208, 223, 222, 231
archaius,PollingDynamicConfigTest,/root/.jnose_projects/archaius/archaius2-core/src/test/java/com/netflix/archaius/config/PollingDynamicConfigTest.java,/root/.jnose_projects/archaius/archaius2-core/src/main/java/com/netflix/archaius/config/PollingDynamicConfig.java,JUnit5,346,16,Eager Test,testInstrumentation,329, 331, 335, 338, 343,329, 331, 335, 338, 343
archaius,PollingDynamicConfigTest,/root/.jnose_projects/archaius/archaius2-core/src/test/java/com/netflix/archaius/config/PollingDynamicConfigTest.java,/root/.jnose_projects/archaius/archaius2-core/src/main/java/com/netflix/archaius/config/PollingDynamicConfig.java,JUnit5,346,16,Assertion Roulette,testBasicRead,89,89
archaius,PollingDynamicConfigTest,/root/.jnose_projects/archaius/archaius2-core/src/test/java/com/netflix/archaius/config/PollingDynamicConfigTest.java,/root/.jnose_projects/archaius/archaius2-core/src/main/java/com/netflix/archaius/config/PollingDynamicConfig.java,JUnit5,346,16,Assertion Roulette,testBasicRead,90,90
archaius,PollingDynamicConfigTest,/root/.jnose_projects/archaius/archaius2-core/src/test/java/com/netflix/archaius/config/PollingDynamicConfigTest.java,/root/.jnose_projects/archaius/archaius2-core/src/main/java/com/netflix/archaius/config/PollingDynamicConfig.java,JUnit5,346,16,Assertion Roulette,testBasicRead,94,94
archaius,PollingDynamicConfigTest,/root/.jnose_projects/archaius/archaius2-core/src/test/java/com/netflix/archaius/config/PollingDynamicConfigTest.java,/root/.jnose_projects/archaius/archaius2-core/src/main/java/com/netflix/archaius/config/PollingDynamicConfig.java,JUnit5,346,16,Assertion Roulette,testBasicRead,95,95
archaius,PollingDynamicConfigTest,/root/.jnose_projects/archaius/archaius2-core/src/test/java/com/netflix/archaius/config/PollingDynamicConfigTest.java,/root/.jnose_projects/archaius/archaius2-core/src/main/java/com/netflix/archaius/config/PollingDynamicConfig.java,JUnit5,346,16,Assertion Roulette,testCombineSources,106,106
archaius,PollingDynamicConfigTest,/root/.jnose_projects/archaius/archaius2-core/src/test/java/com/netflix/archaius/config/PollingDynamicConfigTest.java,/root/.jnose_projects/archaius/archaius2-core/src/main/java/com/netflix/archaius/config/PollingDynamicConfig.java,JUnit5,346,16,Assertion Roulette,testCombineSources,107,107
archaius,PollingDynamicConfigTest,/root/.jnose_projects/archaius/archaius2-core/src/test/java/com/netflix/archaius/config/PollingDynamicConfigTest.java,/root/.jnose_projects/archaius/archaius2-core/src/main/java/com/netflix/archaius/config/PollingDynamicConfig.java,JUnit5,346,16,Assertion Roulette,testCombineSources,114,114
archaius,PollingDynamicConfigTest,/root/.jnose_projects/archaius/archaius2-core/src/test/java/com/netflix/archaius/config/PollingDynamicConfigTest.java,/root/.jnose_projects/archaius/archaius2-core/src/main/java/com/netflix/archaius/config/PollingDynamicConfig.java,JUnit5,346,16,Assertion Roulette,testCombineSources,115,115
archaius,PollingDynamicConfigTest,/root/.jnose_projects/archaius/archaius2-core/src/test/java/com/netflix/archaius/config/PollingDynamicConfigTest.java,/root/.jnose_projects/archaius/archaius2-core/src/main/java/com/netflix/archaius/config/PollingDynamicConfig.java,JUnit5,346,16,Assertion Roulette,testCombineSources,116,116
archaius,PollingDynamicConfigTest,/root/.jnose_projects/archaius/archaius2-core/src/test/java/com/netflix/archaius/config/PollingDynamicConfigTest.java,/root/.jnose_projects/archaius/archaius2-core/src/main/java/com/netflix/archaius/config/PollingDynamicConfig.java,JUnit5,346,16,Assertion Roulette,testDynamicConfig,151,151
archaius,PollingDynamicConfigTest,/root/.jnose_projects/archaius/archaius2-core/src/test/java/com/netflix/archaius/config/PollingDynamicConfigTest.java,/root/.jnose_projects/archaius/archaius2-core/src/main/java/com/netflix/archaius/config/PollingDynamicConfig.java,JUnit5,346,16,Assertion Roulette,testDynamicConfig,152,152
archaius,PollingDynamicConfigTest,/root/.jnose_projects/archaius/archaius2-core/src/test/java/com/netflix/archaius/config/PollingDynamicConfigTest.java,/root/.jnose_projects/archaius/archaius2-core/src/main/java/com/netflix/archaius/config/PollingDynamicConfig.java,JUnit5,346,16,Assertion Roulette,testDynamicConfig,153,153
archaius,PollingDynamicConfigTest,/root/.jnose_projects/archaius/archaius2-core/src/test/java/com/netflix/archaius/config/PollingDynamicConfigTest.java,/root/.jnose_projects/archaius/archaius2-core/src/main/java/com/netflix/archaius/config/PollingDynamicConfig.java,JUnit5,346,16,Assertion Roulette,testDynamicConfig,157,157
archaius,PollingDynamicConfigTest,/root/.jnose_projects/archaius/archaius2-core/src/test/java/com/netflix/archaius/config/PollingDynamicConfigTest.java,/root/.jnose_projects/archaius/archaius2-core/src/main/java/com/netflix/archaius/config/PollingDynamicConfig.java,JUnit5,346,16,Assertion Roulette,testDynamicConfig,158,158
archaius,PollingDynamicConfigTest,/root/.jnose_projects/archaius/archaius2-core/src/test/java/com/netflix/archaius/config/PollingDynamicConfigTest.java,/root/.jnose_projects/archaius/archaius2-core/src/main/java/com/netflix/archaius/config/PollingDynamicConfig.java,JUnit5,346,16,Assertion Roulette,testDynamicConfig,164,164
archaius,PollingDynamicConfigTest,/root/.jnose_projects/archaius/archaius2-core/src/test/java/com/netflix/archaius/config/PollingDynamicConfigTest.java,/root/.jnose_projects/archaius/archaius2-core/src/main/java/com/netflix/archaius/config/PollingDynamicConfig.java,JUnit5,346,16,Assertion Roulette,testDynamicConfig,165,165
archaius,PollingDynamicConfigTest,/root/.jnose_projects/archaius/archaius2-core/src/test/java/com/netflix/archaius/config/PollingDynamicConfigTest.java,/root/.jnose_projects/archaius/archaius2-core/src/main/java/com/netflix/archaius/config/PollingDynamicConfig.java,JUnit5,346,16,Assertion Roulette,testDynamicConfig,171,171
archaius,PollingDynamicConfigTest,/root/.jnose_projects/archaius/archaius2-core/src/test/java/com/netflix/archaius/config/PollingDynamicConfigTest.java,/root/.jnose_projects/archaius/archaius2-core/src/main/java/com/netflix/archaius/config/PollingDynamicConfig.java,JUnit5,346,16,Assertion Roulette,testDynamicConfig,172,172
archaius,PollingDynamicConfigTest,/root/.jnose_projects/archaius/archaius2-core/src/test/java/com/netflix/archaius/config/PollingDynamicConfigTest.java,/root/.jnose_projects/archaius/archaius2-core/src/main/java/com/netflix/archaius/config/PollingDynamicConfig.java,JUnit5,346,16,Assertion Roulette,testDynamicConfigFailures,206,206
archaius,PollingDynamicConfigTest,/root/.jnose_projects/archaius/archaius2-core/src/test/java/com/netflix/archaius/config/PollingDynamicConfigTest.java,/root/.jnose_projects/archaius/archaius2-core/src/main/java/com/netflix/archaius/config/PollingDynamicConfig.java,JUnit5,346,16,Assertion Roulette,testDynamicConfigFailures,207,207
archaius,PollingDynamicConfigTest,/root/.jnose_projects/archaius/archaius2-core/src/test/java/com/netflix/archaius/config/PollingDynamicConfigTest.java,/root/.jnose_projects/archaius/archaius2-core/src/main/java/com/netflix/archaius/config/PollingDynamicConfig.java,JUnit5,346,16,Assertion Roulette,testDynamicConfigFailures,208,208
archaius,PollingDynamicConfigTest,/root/.jnose_projects/archaius/archaius2-core/src/test/java/com/netflix/archaius/config/PollingDynamicConfigTest.java,/root/.jnose_projects/archaius/archaius2-core/src/main/java/com/netflix/archaius/config/PollingDynamicConfig.java,JUnit5,346,16,Assertion Roulette,testDynamicConfigFailures,222,222
archaius,PollingDynamicConfigTest,/root/.jnose_projects/archaius/archaius2-core/src/test/java/com/netflix/archaius/config/PollingDynamicConfigTest.java,/root/.jnose_projects/archaius/archaius2-core/src/main/java/com/netflix/archaius/config/PollingDynamicConfig.java,JUnit5,346,16,Assertion Roulette,testDynamicConfigFailures,223,223
archaius,PollingDynamicConfigTest,/root/.jnose_projects/archaius/archaius2-core/src/test/java/com/netflix/archaius/config/PollingDynamicConfigTest.java,/root/.jnose_projects/archaius/archaius2-core/src/main/java/com/netflix/archaius/config/PollingDynamicConfig.java,JUnit5,346,16,Assertion Roulette,testDynamicConfigFailures,224,224
archaius,PollingDynamicConfigTest,/root/.jnose_projects/archaius/archaius2-core/src/test/java/com/netflix/archaius/config/PollingDynamicConfigTest.java,/root/.jnose_projects/archaius/archaius2-core/src/main/java/com/netflix/archaius/config/PollingDynamicConfig.java,JUnit5,346,16,Assertion Roulette,testDynamicConfigFailures,231,231
archaius,PollingDynamicConfigTest,/root/.jnose_projects/archaius/archaius2-core/src/test/java/com/netflix/archaius/config/PollingDynamicConfigTest.java,/root/.jnose_projects/archaius/archaius2-core/src/main/java/com/netflix/archaius/config/PollingDynamicConfig.java,JUnit5,346,16,Assertion Roulette,testDynamicConfigFailures,232,232
archaius,PollingDynamicConfigTest,/root/.jnose_projects/archaius/archaius2-core/src/test/java/com/netflix/archaius/config/PollingDynamicConfigTest.java,/root/.jnose_projects/archaius/archaius2-core/src/main/java/com/netflix/archaius/config/PollingDynamicConfig.java,JUnit5,346,16,Assertion Roulette,testDynamicConfigFailures,233,233
archaius,PollingDynamicConfigTest,/root/.jnose_projects/archaius/archaius2-core/src/test/java/com/netflix/archaius/config/PollingDynamicConfigTest.java,/root/.jnose_projects/archaius/archaius2-core/src/main/java/com/netflix/archaius/config/PollingDynamicConfig.java,JUnit5,346,16,Assertion Roulette,testGetKeys,247,247
archaius,PollingDynamicConfigTest,/root/.jnose_projects/archaius/archaius2-core/src/test/java/com/netflix/archaius/config/PollingDynamicConfigTest.java,/root/.jnose_projects/archaius/archaius2-core/src/main/java/com/netflix/archaius/config/PollingDynamicConfig.java,JUnit5,346,16,Assertion Roulette,testGetKeys,257,257
archaius,PollingDynamicConfigTest,/root/.jnose_projects/archaius/archaius2-core/src/test/java/com/netflix/archaius/config/PollingDynamicConfigTest.java,/root/.jnose_projects/archaius/archaius2-core/src/main/java/com/netflix/archaius/config/PollingDynamicConfig.java,JUnit5,346,16,Assertion Roulette,testGetKeys,258,258
archaius,PollingDynamicConfigTest,/root/.jnose_projects/archaius/archaius2-core/src/test/java/com/netflix/archaius/config/PollingDynamicConfigTest.java,/root/.jnose_projects/archaius/archaius2-core/src/main/java/com/netflix/archaius/config/PollingDynamicConfig.java,JUnit5,346,16,Assertion Roulette,testGetKeys,259,259
archaius,PollingDynamicConfigTest,/root/.jnose_projects/archaius/archaius2-core/src/test/java/com/netflix/archaius/config/PollingDynamicConfigTest.java,/root/.jnose_projects/archaius/archaius2-core/src/main/java/com/netflix/archaius/config/PollingDynamicConfig.java,JUnit5,346,16,Assertion Roulette,testGetKeysIteratorRemoveThrows,275,275
archaius,PollingDynamicConfigTest,/root/.jnose_projects/archaius/archaius2-core/src/test/java/com/netflix/archaius/config/PollingDynamicConfigTest.java,/root/.jnose_projects/archaius/archaius2-core/src/main/java/com/netflix/archaius/config/PollingDynamicConfig.java,JUnit5,346,16,Assertion Roulette,testKeysIterable,293,293
archaius,PollingDynamicConfigTest,/root/.jnose_projects/archaius/archaius2-core/src/test/java/com/netflix/archaius/config/PollingDynamicConfigTest.java,/root/.jnose_projects/archaius/archaius2-core/src/main/java/com/netflix/archaius/config/PollingDynamicConfig.java,JUnit5,346,16,Assertion Roulette,testKeysIterable,294,294
archaius,PollingDynamicConfigTest,/root/.jnose_projects/archaius/archaius2-core/src/test/java/com/netflix/archaius/config/PollingDynamicConfigTest.java,/root/.jnose_projects/archaius/archaius2-core/src/main/java/com/netflix/archaius/config/PollingDynamicConfig.java,JUnit5,346,16,Assertion Roulette,testInstrumentation,329,329
archaius,PollingDynamicConfigTest,/root/.jnose_projects/archaius/archaius2-core/src/test/java/com/netflix/archaius/config/PollingDynamicConfigTest.java,/root/.jnose_projects/archaius/archaius2-core/src/main/java/com/netflix/archaius/config/PollingDynamicConfig.java,JUnit5,346,16,Conditional Test Logic,testGetKeys,253 - 255,253 - 255
archaius,PollingDynamicConfigTest,/root/.jnose_projects/archaius/archaius2-core/src/test/java/com/netflix/archaius/config/PollingDynamicConfigTest.java,/root/.jnose_projects/archaius/archaius2-core/src/main/java/com/netflix/archaius/config/PollingDynamicConfig.java,JUnit5,346,16,Constructor Initialization,PollingDynamicConfigTest,68 - 70,68 - 70
archaius,PollingDynamicConfigTest,/root/.jnose_projects/archaius/archaius2-core/src/test/java/com/netflix/archaius/config/PollingDynamicConfigTest.java,/root/.jnose_projects/archaius/archaius2-core/src/main/java/com/netflix/archaius/config/PollingDynamicConfig.java,JUnit5,346,16,Exception Catching Throwing,testDynamicConfigFailures,214 - 220,214 - 220
archaius,CustomDecoderTest,/root/.jnose_projects/archaius/archaius2-core/src/test/java/com/netflix/archaius/CustomDecoderTest.java,/root/.jnose_projects/archaius/archaius2-core/src/main/java/com/netflix/archaius/CustomDecoder.java,JUnit5,34,1,Magic Number Test,testCustomTypeConverters,30,30
archaius,CustomDecoderTest,/root/.jnose_projects/archaius/archaius2-core/src/test/java/com/netflix/archaius/CustomDecoderTest.java,/root/.jnose_projects/archaius/archaius2-core/src/main/java/com/netflix/archaius/CustomDecoder.java,JUnit5,34,1,Magic Number Test,testCustomTypeConverters,32,32
archaius,CustomDecoderTest,/root/.jnose_projects/archaius/archaius2-core/src/test/java/com/netflix/archaius/CustomDecoderTest.java,/root/.jnose_projects/archaius/archaius2-core/src/main/java/com/netflix/archaius/CustomDecoder.java,JUnit5,34,1,Lazy Test,testCustomTypeConverters,26,26
archaius,CustomDecoderTest,/root/.jnose_projects/archaius/archaius2-core/src/test/java/com/netflix/archaius/CustomDecoderTest.java,/root/.jnose_projects/archaius/archaius2-core/src/main/java/com/netflix/archaius/CustomDecoder.java,JUnit5,34,1,Lazy Test,testCustomTypeConverters,27, 28, 30, 32,27, 28, 30, 32
archaius,CustomDecoderTest,/root/.jnose_projects/archaius/archaius2-core/src/test/java/com/netflix/archaius/CustomDecoderTest.java,/root/.jnose_projects/archaius/archaius2-core/src/main/java/com/netflix/archaius/CustomDecoder.java,JUnit5,34,1,Eager Test,testCustomTypeConverters,26, 27,26, 27
archaius,CustomDecoderTest,/root/.jnose_projects/archaius/archaius2-core/src/test/java/com/netflix/archaius/CustomDecoderTest.java,/root/.jnose_projects/archaius/archaius2-core/src/main/java/com/netflix/archaius/CustomDecoder.java,JUnit5,34,1,Assertion Roulette,testCustomTypeConverters,27,27
archaius,CustomDecoderTest,/root/.jnose_projects/archaius/archaius2-core/src/test/java/com/netflix/archaius/CustomDecoderTest.java,/root/.jnose_projects/archaius/archaius2-core/src/main/java/com/netflix/archaius/CustomDecoder.java,JUnit5,34,1,Assertion Roulette,testCustomTypeConverters,28,28
archaius,CustomDecoderTest,/root/.jnose_projects/archaius/archaius2-core/src/test/java/com/netflix/archaius/CustomDecoderTest.java,/root/.jnose_projects/archaius/archaius2-core/src/main/java/com/netflix/archaius/CustomDecoder.java,JUnit5,34,1,Assertion Roulette,testCustomTypeConverters,30,30
archaius,CustomDecoderTest,/root/.jnose_projects/archaius/archaius2-core/src/test/java/com/netflix/archaius/CustomDecoderTest.java,/root/.jnose_projects/archaius/archaius2-core/src/main/java/com/netflix/archaius/CustomDecoder.java,JUnit5,34,1,Assertion Roulette,testCustomTypeConverters,32,32
archaius,CustomDecoderTest,/root/.jnose_projects/archaius/archaius2-core/src/test/java/com/netflix/archaius/CustomDecoderTest.java,/root/.jnose_projects/archaius/archaius2-core/src/main/java/com/netflix/archaius/CustomDecoder.java,JUnit5,34,1,Conditional Test Logic,testCustomTypeConverters,21 - 23,21 - 23
archaius,CustomDecoderTest,/root/.jnose_projects/archaius/archaius2-core/src/test/java/com/netflix/archaius/CustomDecoderTest.java,/root/.jnose_projects/archaius/archaius2-core/src/main/java/com/netflix/archaius/CustomDecoder.java,JUnit5,34,1,Conditional Test Logic,testCustomTypeConverters,19 - 23,19 - 23
archaius,DefaultPropertyContainerTest,/root/.jnose_projects/archaius/archaius2-core/src/test/java/com/netflix/archaius/DefaultPropertyContainerTest.java,/root/.jnose_projects/archaius/archaius2-core/src/main/java/com/netflix/archaius/property/DefaultPropertyContainer.java,JUnit5,22,1,Lazy Test,basicTest,15,15
archaius,DefaultPropertyContainerTest,/root/.jnose_projects/archaius/archaius2-core/src/test/java/com/netflix/archaius/DefaultPropertyContainerTest.java,/root/.jnose_projects/archaius/archaius2-core/src/main/java/com/netflix/archaius/property/DefaultPropertyContainer.java,JUnit5,22,1,Lazy Test,basicTest,17, 19, 20,17, 19, 20
archaius,DefaultPropertyContainerTest,/root/.jnose_projects/archaius/archaius2-core/src/test/java/com/netflix/archaius/DefaultPropertyContainerTest.java,/root/.jnose_projects/archaius/archaius2-core/src/main/java/com/netflix/archaius/property/DefaultPropertyContainer.java,JUnit5,22,1,Duplicate Assert,basicTest,19, 20,19, 20
archaius,DefaultPropertyContainerTest,/root/.jnose_projects/archaius/archaius2-core/src/test/java/com/netflix/archaius/DefaultPropertyContainerTest.java,/root/.jnose_projects/archaius/archaius2-core/src/main/java/com/netflix/archaius/property/DefaultPropertyContainer.java,JUnit5,22,1,Eager Test,basicTest,15, 17,15, 17
archaius,DefaultPropertyContainerTest,/root/.jnose_projects/archaius/archaius2-core/src/test/java/com/netflix/archaius/DefaultPropertyContainerTest.java,/root/.jnose_projects/archaius/archaius2-core/src/main/java/com/netflix/archaius/property/DefaultPropertyContainer.java,JUnit5,22,1,Assertion Roulette,basicTest,17,17
archaius,DefaultPropertyContainerTest,/root/.jnose_projects/archaius/archaius2-core/src/test/java/com/netflix/archaius/DefaultPropertyContainerTest.java,/root/.jnose_projects/archaius/archaius2-core/src/main/java/com/netflix/archaius/property/DefaultPropertyContainer.java,JUnit5,22,1,Assertion Roulette,basicTest,19,19
archaius,DefaultPropertyContainerTest,/root/.jnose_projects/archaius/archaius2-core/src/test/java/com/netflix/archaius/DefaultPropertyContainerTest.java,/root/.jnose_projects/archaius/archaius2-core/src/main/java/com/netflix/archaius/property/DefaultPropertyContainer.java,JUnit5,22,1,Assertion Roulette,basicTest,20,20
archaius,DefaultConfigLoaderTest,/root/.jnose_projects/archaius/archaius2-core/src/test/java/com/netflix/archaius/DefaultConfigLoaderTest.java,/root/.jnose_projects/archaius/archaius2-core/src/main/java/com/netflix/archaius/DefaultConfigLoader.java,JUnit5,68,2,Verbose Test,testBuildWithAllOptions,27 - 58,27 - 58
archaius,DefaultConfigLoaderTest,/root/.jnose_projects/archaius/archaius2-core/src/test/java/com/netflix/archaius/DefaultConfigLoaderTest.java,/root/.jnose_projects/archaius/archaius2-core/src/main/java/com/netflix/archaius/DefaultConfigLoader.java,JUnit5,68,2,Lazy Test,testBuildWithAllOptions, testDefaultLoaderBehavior,34, 48, 62, 63,34, 48, 62, 63
archaius,DefaultConfigLoaderTest,/root/.jnose_projects/archaius/archaius2-core/src/test/java/com/netflix/archaius/DefaultConfigLoaderTest.java,/root/.jnose_projects/archaius/archaius2-core/src/main/java/com/netflix/archaius/DefaultConfigLoader.java,JUnit5,68,2,Lazy Test,testBuildWithAllOptions, testDefaultLoaderBehavior,34, 48, 62, 63,34, 48, 62, 63
archaius,DefaultConfigLoaderTest,/root/.jnose_projects/archaius/archaius2-core/src/test/java/com/netflix/archaius/DefaultConfigLoaderTest.java,/root/.jnose_projects/archaius/archaius2-core/src/main/java/com/netflix/archaius/DefaultConfigLoader.java,JUnit5,68,2,Lazy Test,testBuildWithAllOptions,48,48
archaius,DefaultConfigLoaderTest,/root/.jnose_projects/archaius/archaius2-core/src/test/java/com/netflix/archaius/DefaultConfigLoaderTest.java,/root/.jnose_projects/archaius/archaius2-core/src/main/java/com/netflix/archaius/DefaultConfigLoader.java,JUnit5,68,2,Lazy Test,testBuildWithAllOptions,48,48
archaius,DefaultConfigLoaderTest,/root/.jnose_projects/archaius/archaius2-core/src/test/java/com/netflix/archaius/DefaultConfigLoaderTest.java,/root/.jnose_projects/archaius/archaius2-core/src/main/java/com/netflix/archaius/DefaultConfigLoader.java,JUnit5,68,2,Lazy Test,testBuildWithAllOptions,48,48
archaius,DefaultConfigLoaderTest,/root/.jnose_projects/archaius/archaius2-core/src/test/java/com/netflix/archaius/DefaultConfigLoaderTest.java,/root/.jnose_projects/archaius/archaius2-core/src/main/java/com/netflix/archaius/DefaultConfigLoader.java,JUnit5,68,2,Lazy Test,testBuildWithAllOptions,48,48
archaius,DefaultConfigLoaderTest,/root/.jnose_projects/archaius/archaius2-core/src/test/java/com/netflix/archaius/DefaultConfigLoaderTest.java,/root/.jnose_projects/archaius/archaius2-core/src/main/java/com/netflix/archaius/DefaultConfigLoader.java,JUnit5,68,2,Lazy Test,testBuildWithAllOptions,48,48
archaius,DefaultConfigLoaderTest,/root/.jnose_projects/archaius/archaius2-core/src/test/java/com/netflix/archaius/DefaultConfigLoaderTest.java,/root/.jnose_projects/archaius/archaius2-core/src/main/java/com/netflix/archaius/DefaultConfigLoader.java,JUnit5,68,2,Lazy Test,testBuildWithAllOptions, testDefaultLoaderBehavior,56, 62, 63,56, 62, 63
archaius,DefaultConfigLoaderTest,/root/.jnose_projects/archaius/archaius2-core/src/test/java/com/netflix/archaius/DefaultConfigLoaderTest.java,/root/.jnose_projects/archaius/archaius2-core/src/main/java/com/netflix/archaius/DefaultConfigLoader.java,JUnit5,68,2,Eager Test,testBuildWithAllOptions,34, 34, 48, 48, 48, 48, 48, 56,34, 34, 48, 48, 48, 48, 48, 56
archaius,DefaultConfigLoaderTest,/root/.jnose_projects/archaius/archaius2-core/src/test/java/com/netflix/archaius/DefaultConfigLoaderTest.java,/root/.jnose_projects/archaius/archaius2-core/src/main/java/com/netflix/archaius/DefaultConfigLoader.java,JUnit5,68,2,Eager Test,testDefaultLoaderBehavior,62, 62, 62,62, 62, 62
archaius,DefaultConfigLoaderTest,/root/.jnose_projects/archaius/archaius2-core/src/test/java/com/netflix/archaius/DefaultConfigLoaderTest.java,/root/.jnose_projects/archaius/archaius2-core/src/main/java/com/netflix/archaius/DefaultConfigLoader.java,JUnit5,68,2,Assertion Roulette,testBuildWithAllOptions,57,57
archaius,DefaultConfigLoaderTest,/root/.jnose_projects/archaius/archaius2-core/src/test/java/com/netflix/archaius/DefaultConfigLoaderTest.java,/root/.jnose_projects/archaius/archaius2-core/src/main/java/com/netflix/archaius/DefaultConfigLoader.java,JUnit5,68,2,Assertion Roulette,testDefaultLoaderBehavior,65,65
archaius,DefaultConfigLoaderTest,/root/.jnose_projects/archaius/archaius2-core/src/test/java/com/netflix/archaius/DefaultConfigLoaderTest.java,/root/.jnose_projects/archaius/archaius2-core/src/main/java/com/netflix/archaius/DefaultConfigLoader.java,JUnit5,68,2,Assertion Roulette,testDefaultLoaderBehavior,66,66
archaius,URLConfigReaderTest,/root/.jnose_projects/archaius/archaius2-core/src/test/java/com/netflix/archaius/readers/URLConfigReaderTest.java,/root/.jnose_projects/archaius/archaius2-core/src/main/java/com/netflix/archaius/readers/URLConfigReader.java,JUnit5,29,2,Sensitive Equality,testStringConstructorCommonCase,18,18
archaius,URLConfigReaderTest,/root/.jnose_projects/archaius/archaius2-core/src/test/java/com/netflix/archaius/readers/URLConfigReaderTest.java,/root/.jnose_projects/archaius/archaius2-core/src/main/java/com/netflix/archaius/readers/URLConfigReader.java,JUnit5,29,2,Sensitive Equality,testStringConstructorCommonCase,21,21
archaius,URLConfigReaderTest,/root/.jnose_projects/archaius/archaius2-core/src/test/java/com/netflix/archaius/readers/URLConfigReaderTest.java,/root/.jnose_projects/archaius/archaius2-core/src/main/java/com/netflix/archaius/readers/URLConfigReader.java,JUnit5,29,2,Sensitive Equality,testStringConstructorCommonCase,22,22
archaius,URLConfigReaderTest,/root/.jnose_projects/archaius/archaius2-core/src/test/java/com/netflix/archaius/readers/URLConfigReaderTest.java,/root/.jnose_projects/archaius/archaius2-core/src/main/java/com/netflix/archaius/readers/URLConfigReader.java,JUnit5,29,2,Lazy Test,testStringConstructorCommonCase,18, 21, 22,18, 21, 22
archaius,URLConfigReaderTest,/root/.jnose_projects/archaius/archaius2-core/src/test/java/com/netflix/archaius/readers/URLConfigReaderTest.java,/root/.jnose_projects/archaius/archaius2-core/src/main/java/com/netflix/archaius/readers/URLConfigReader.java,JUnit5,29,2,Lazy Test,testStringConstructorCommonCase,18, 21, 22,18, 21, 22
archaius,URLConfigReaderTest,/root/.jnose_projects/archaius/archaius2-core/src/test/java/com/netflix/archaius/readers/URLConfigReaderTest.java,/root/.jnose_projects/archaius/archaius2-core/src/main/java/com/netflix/archaius/readers/URLConfigReader.java,JUnit5,29,2,Eager Test,testStringConstructorCommonCase,18, 18, 18,18, 18, 18
archaius,URLConfigReaderTest,/root/.jnose_projects/archaius/archaius2-core/src/test/java/com/netflix/archaius/readers/URLConfigReaderTest.java,/root/.jnose_projects/archaius/archaius2-core/src/main/java/com/netflix/archaius/readers/URLConfigReader.java,JUnit5,29,2,Assertion Roulette,testStringConstructorCommonCase,18,18
archaius,URLConfigReaderTest,/root/.jnose_projects/archaius/archaius2-core/src/test/java/com/netflix/archaius/readers/URLConfigReaderTest.java,/root/.jnose_projects/archaius/archaius2-core/src/main/java/com/netflix/archaius/readers/URLConfigReader.java,JUnit5,29,2,Assertion Roulette,testStringConstructorCommonCase,21,21
archaius,URLConfigReaderTest,/root/.jnose_projects/archaius/archaius2-core/src/test/java/com/netflix/archaius/readers/URLConfigReaderTest.java,/root/.jnose_projects/archaius/archaius2-core/src/main/java/com/netflix/archaius/readers/URLConfigReader.java,JUnit5,29,2,Assertion Roulette,testStringConstructorCommonCase,22,22
archaius,JsonPersistedV2ReaderTest,/root/.jnose_projects/archaius/archaius2-persisted2/src/test/java/com/netflix/archaius/persisted2/JsonPersistedV2ReaderTest.java,/root/.jnose_projects/archaius/archaius2-persisted2/src/main/java/com/netflix/archaius/persisted2/JsonPersistedV2Reader.java,JUnit5,93,4,Magic Number Test,idFieldReturnedWhenPresent,37,37
archaius,JsonPersistedV2ReaderTest,/root/.jnose_projects/archaius/archaius2-persisted2/src/test/java/com/netflix/archaius/persisted2/JsonPersistedV2ReaderTest.java,/root/.jnose_projects/archaius/archaius2-persisted2/src/main/java/com/netflix/archaius/persisted2/JsonPersistedV2Reader.java,JUnit5,93,4,Magic Number Test,idFieldReturnedWhenPresent,41,41
archaius,JsonPersistedV2ReaderTest,/root/.jnose_projects/archaius/archaius2-persisted2/src/test/java/com/netflix/archaius/persisted2/JsonPersistedV2ReaderTest.java,/root/.jnose_projects/archaius/archaius2-persisted2/src/main/java/com/netflix/archaius/persisted2/JsonPersistedV2Reader.java,JUnit5,93,4,Magic Number Test,idFieldAbsent,65,65
archaius,JsonPersistedV2ReaderTest,/root/.jnose_projects/archaius/archaius2-persisted2/src/test/java/com/netflix/archaius/persisted2/JsonPersistedV2ReaderTest.java,/root/.jnose_projects/archaius/archaius2-persisted2/src/main/java/com/netflix/archaius/persisted2/JsonPersistedV2Reader.java,JUnit5,93,4,Verbose Test,idFieldReturnedWhenPresent,16 - 44,16 - 44
archaius,JsonPersistedV2ReaderTest,/root/.jnose_projects/archaius/archaius2-persisted2/src/test/java/com/netflix/archaius/persisted2/JsonPersistedV2ReaderTest.java,/root/.jnose_projects/archaius/archaius2-persisted2/src/main/java/com/netflix/archaius/persisted2/JsonPersistedV2Reader.java,JUnit5,93,4,Verbose Test,idFieldAbsent,45 - 69,45 - 69
archaius,JsonPersistedV2ReaderTest,/root/.jnose_projects/archaius/archaius2-persisted2/src/test/java/com/netflix/archaius/persisted2/JsonPersistedV2ReaderTest.java,/root/.jnose_projects/archaius/archaius2-persisted2/src/main/java/com/netflix/archaius/persisted2/JsonPersistedV2Reader.java,JUnit5,93,4,Lazy Test,idFieldReturnedWhenPresent, idFieldAbsent,28, 57,28, 57
archaius,JsonPersistedV2ReaderTest,/root/.jnose_projects/archaius/archaius2-persisted2/src/test/java/com/netflix/archaius/persisted2/JsonPersistedV2ReaderTest.java,/root/.jnose_projects/archaius/archaius2-persisted2/src/main/java/com/netflix/archaius/persisted2/JsonPersistedV2Reader.java,JUnit5,93,4,Lazy Test,idFieldReturnedWhenPresent, idFieldAbsent,28, 57,28, 57
archaius,JsonPersistedV2ReaderTest,/root/.jnose_projects/archaius/archaius2-persisted2/src/test/java/com/netflix/archaius/persisted2/JsonPersistedV2ReaderTest.java,/root/.jnose_projects/archaius/archaius2-persisted2/src/main/java/com/netflix/archaius/persisted2/JsonPersistedV2Reader.java,JUnit5,93,4,Lazy Test,idFieldReturnedWhenPresent,28,28
archaius,JsonPersistedV2ReaderTest,/root/.jnose_projects/archaius/archaius2-persisted2/src/test/java/com/netflix/archaius/persisted2/JsonPersistedV2ReaderTest.java,/root/.jnose_projects/archaius/archaius2-persisted2/src/main/java/com/netflix/archaius/persisted2/JsonPersistedV2Reader.java,JUnit5,93,4,Lazy Test,idFieldReturnedWhenPresent, idFieldAbsent,28, 57,28, 57
archaius,JsonPersistedV2ReaderTest,/root/.jnose_projects/archaius/archaius2-persisted2/src/test/java/com/netflix/archaius/persisted2/JsonPersistedV2ReaderTest.java,/root/.jnose_projects/archaius/archaius2-persisted2/src/main/java/com/netflix/archaius/persisted2/JsonPersistedV2Reader.java,JUnit5,93,4,Lazy Test,idFieldReturnedWhenPresent, idFieldAbsent,35, 63,35, 63
archaius,JsonPersistedV2ReaderTest,/root/.jnose_projects/archaius/archaius2-persisted2/src/test/java/com/netflix/archaius/persisted2/JsonPersistedV2ReaderTest.java,/root/.jnose_projects/archaius/archaius2-persisted2/src/main/java/com/netflix/archaius/persisted2/JsonPersistedV2Reader.java,JUnit5,93,4,Eager Test,idFieldReturnedWhenPresent,28, 28, 28, 28, 35,28, 28, 28, 28, 35
archaius,JsonPersistedV2ReaderTest,/root/.jnose_projects/archaius/archaius2-persisted2/src/test/java/com/netflix/archaius/persisted2/JsonPersistedV2ReaderTest.java,/root/.jnose_projects/archaius/archaius2-persisted2/src/main/java/com/netflix/archaius/persisted2/JsonPersistedV2Reader.java,JUnit5,93,4,Eager Test,idFieldAbsent,57, 57, 57, 63,57, 57, 57, 63
archaius,JsonPersistedV2ReaderTest,/root/.jnose_projects/archaius/archaius2-persisted2/src/test/java/com/netflix/archaius/persisted2/JsonPersistedV2ReaderTest.java,/root/.jnose_projects/archaius/archaius2-persisted2/src/main/java/com/netflix/archaius/persisted2/JsonPersistedV2Reader.java,JUnit5,93,4,Assertion Roulette,idFieldReturnedWhenPresent,37,37
archaius,JsonPersistedV2ReaderTest,/root/.jnose_projects/archaius/archaius2-persisted2/src/test/java/com/netflix/archaius/persisted2/JsonPersistedV2ReaderTest.java,/root/.jnose_projects/archaius/archaius2-persisted2/src/main/java/com/netflix/archaius/persisted2/JsonPersistedV2Reader.java,JUnit5,93,4,Assertion Roulette,idFieldReturnedWhenPresent,38,38
archaius,JsonPersistedV2ReaderTest,/root/.jnose_projects/archaius/archaius2-persisted2/src/test/java/com/netflix/archaius/persisted2/JsonPersistedV2ReaderTest.java,/root/.jnose_projects/archaius/archaius2-persisted2/src/main/java/com/netflix/archaius/persisted2/JsonPersistedV2Reader.java,JUnit5,93,4,Assertion Roulette,idFieldReturnedWhenPresent,39,39
archaius,JsonPersistedV2ReaderTest,/root/.jnose_projects/archaius/archaius2-persisted2/src/test/java/com/netflix/archaius/persisted2/JsonPersistedV2ReaderTest.java,/root/.jnose_projects/archaius/archaius2-persisted2/src/main/java/com/netflix/archaius/persisted2/JsonPersistedV2Reader.java,JUnit5,93,4,Assertion Roulette,idFieldReturnedWhenPresent,41,41
archaius,JsonPersistedV2ReaderTest,/root/.jnose_projects/archaius/archaius2-persisted2/src/test/java/com/netflix/archaius/persisted2/JsonPersistedV2ReaderTest.java,/root/.jnose_projects/archaius/archaius2-persisted2/src/main/java/com/netflix/archaius/persisted2/JsonPersistedV2Reader.java,JUnit5,93,4,Assertion Roulette,idFieldReturnedWhenPresent,42,42
archaius,JsonPersistedV2ReaderTest,/root/.jnose_projects/archaius/archaius2-persisted2/src/test/java/com/netflix/archaius/persisted2/JsonPersistedV2ReaderTest.java,/root/.jnose_projects/archaius/archaius2-persisted2/src/main/java/com/netflix/archaius/persisted2/JsonPersistedV2Reader.java,JUnit5,93,4,Assertion Roulette,idFieldReturnedWhenPresent,43,43
archaius,JsonPersistedV2ReaderTest,/root/.jnose_projects/archaius/archaius2-persisted2/src/test/java/com/netflix/archaius/persisted2/JsonPersistedV2ReaderTest.java,/root/.jnose_projects/archaius/archaius2-persisted2/src/main/java/com/netflix/archaius/persisted2/JsonPersistedV2Reader.java,JUnit5,93,4,Assertion Roulette,idFieldAbsent,65,65
archaius,JsonPersistedV2ReaderTest,/root/.jnose_projects/archaius/archaius2-persisted2/src/test/java/com/netflix/archaius/persisted2/JsonPersistedV2ReaderTest.java,/root/.jnose_projects/archaius/archaius2-persisted2/src/main/java/com/netflix/archaius/persisted2/JsonPersistedV2Reader.java,JUnit5,93,4,Assertion Roulette,idFieldAbsent,66,66
archaius,JsonPersistedV2ReaderTest,/root/.jnose_projects/archaius/archaius2-persisted2/src/test/java/com/netflix/archaius/persisted2/JsonPersistedV2ReaderTest.java,/root/.jnose_projects/archaius/archaius2-persisted2/src/main/java/com/netflix/archaius/persisted2/JsonPersistedV2Reader.java,JUnit5,93,4,Assertion Roulette,idFieldAbsent,67,67
archaius,JsonPersistedV2ReaderTest,/root/.jnose_projects/archaius/archaius2-persisted2/src/test/java/com/netflix/archaius/persisted2/JsonPersistedV2ReaderTest.java,/root/.jnose_projects/archaius/archaius2-persisted2/src/main/java/com/netflix/archaius/persisted2/JsonPersistedV2Reader.java,JUnit5,93,4,Assertion Roulette,idFieldAbsent,68,68
archaius,TypesafeConfigTest,/root/.jnose_projects/archaius/archaius2-typesafe/src/test/java/com/netflix/archaius/typesafe/TypesafeConfigTest.java,/root/.jnose_projects/archaius/archaius2-typesafe/src/main/java/com/netflix/archaius/typesafe/TypesafeConfig.java,JUnit5,99,7,Lazy Test,simple, simplePath, nested, keyWithAt, pathWithAt, specialChars,35, 36, 44, 51, 58, 65, 77, 77,35, 36, 44, 51, 58, 65, 77, 77
archaius,TypesafeConfigTest,/root/.jnose_projects/archaius/archaius2-typesafe/src/test/java/com/netflix/archaius/typesafe/TypesafeConfigTest.java,/root/.jnose_projects/archaius/archaius2-typesafe/src/main/java/com/netflix/archaius/typesafe/TypesafeConfig.java,JUnit5,99,7,Lazy Test,iterate,88,88
archaius,TypesafeConfigTest,/root/.jnose_projects/archaius/archaius2-typesafe/src/test/java/com/netflix/archaius/typesafe/TypesafeConfigTest.java,/root/.jnose_projects/archaius/archaius2-typesafe/src/main/java/com/netflix/archaius/typesafe/TypesafeConfig.java,JUnit5,99,7,Assertion Roulette,simple,34,34
archaius,TypesafeConfigTest,/root/.jnose_projects/archaius/archaius2-typesafe/src/test/java/com/netflix/archaius/typesafe/TypesafeConfigTest.java,/root/.jnose_projects/archaius/archaius2-typesafe/src/main/java/com/netflix/archaius/typesafe/TypesafeConfig.java,JUnit5,99,7,Assertion Roulette,simple,35,35
archaius,TypesafeConfigTest,/root/.jnose_projects/archaius/archaius2-typesafe/src/test/java/com/netflix/archaius/typesafe/TypesafeConfigTest.java,/root/.jnose_projects/archaius/archaius2-typesafe/src/main/java/com/netflix/archaius/typesafe/TypesafeConfig.java,JUnit5,99,7,Assertion Roulette,simple,36,36
archaius,TypesafeConfigTest,/root/.jnose_projects/archaius/archaius2-typesafe/src/test/java/com/netflix/archaius/typesafe/TypesafeConfigTest.java,/root/.jnose_projects/archaius/archaius2-typesafe/src/main/java/com/netflix/archaius/typesafe/TypesafeConfig.java,JUnit5,99,7,Assertion Roulette,simple,37,37
archaius,TypesafeConfigTest,/root/.jnose_projects/archaius/archaius2-typesafe/src/test/java/com/netflix/archaius/typesafe/TypesafeConfigTest.java,/root/.jnose_projects/archaius/archaius2-typesafe/src/main/java/com/netflix/archaius/typesafe/TypesafeConfig.java,JUnit5,99,7,Assertion Roulette,simplePath,43,43
archaius,TypesafeConfigTest,/root/.jnose_projects/archaius/archaius2-typesafe/src/test/java/com/netflix/archaius/typesafe/TypesafeConfigTest.java,/root/.jnose_projects/archaius/archaius2-typesafe/src/main/java/com/netflix/archaius/typesafe/TypesafeConfig.java,JUnit5,99,7,Assertion Roulette,simplePath,44,44
archaius,TypesafeConfigTest,/root/.jnose_projects/archaius/archaius2-typesafe/src/test/java/com/netflix/archaius/typesafe/TypesafeConfigTest.java,/root/.jnose_projects/archaius/archaius2-typesafe/src/main/java/com/netflix/archaius/typesafe/TypesafeConfig.java,JUnit5,99,7,Assertion Roulette,nested,50,50
archaius,TypesafeConfigTest,/root/.jnose_projects/archaius/archaius2-typesafe/src/test/java/com/netflix/archaius/typesafe/TypesafeConfigTest.java,/root/.jnose_projects/archaius/archaius2-typesafe/src/main/java/com/netflix/archaius/typesafe/TypesafeConfig.java,JUnit5,99,7,Assertion Roulette,nested,51,51
archaius,TypesafeConfigTest,/root/.jnose_projects/archaius/archaius2-typesafe/src/test/java/com/netflix/archaius/typesafe/TypesafeConfigTest.java,/root/.jnose_projects/archaius/archaius2-typesafe/src/main/java/com/netflix/archaius/typesafe/TypesafeConfig.java,JUnit5,99,7,Assertion Roulette,keyWithAt,57,57
archaius,TypesafeConfigTest,/root/.jnose_projects/archaius/archaius2-typesafe/src/test/java/com/netflix/archaius/typesafe/TypesafeConfigTest.java,/root/.jnose_projects/archaius/archaius2-typesafe/src/main/java/com/netflix/archaius/typesafe/TypesafeConfig.java,JUnit5,99,7,Assertion Roulette,keyWithAt,58,58
archaius,TypesafeConfigTest,/root/.jnose_projects/archaius/archaius2-typesafe/src/test/java/com/netflix/archaius/typesafe/TypesafeConfigTest.java,/root/.jnose_projects/archaius/archaius2-typesafe/src/main/java/com/netflix/archaius/typesafe/TypesafeConfig.java,JUnit5,99,7,Assertion Roulette,pathWithAt,64,64
archaius,TypesafeConfigTest,/root/.jnose_projects/archaius/archaius2-typesafe/src/test/java/com/netflix/archaius/typesafe/TypesafeConfigTest.java,/root/.jnose_projects/archaius/archaius2-typesafe/src/main/java/com/netflix/archaius/typesafe/TypesafeConfig.java,JUnit5,99,7,Assertion Roulette,pathWithAt,65,65
archaius,TypesafeConfigTest,/root/.jnose_projects/archaius/archaius2-typesafe/src/test/java/com/netflix/archaius/typesafe/TypesafeConfigTest.java,/root/.jnose_projects/archaius/archaius2-typesafe/src/main/java/com/netflix/archaius/typesafe/TypesafeConfig.java,JUnit5,99,7,Assertion Roulette,specialChars,76,76
archaius,TypesafeConfigTest,/root/.jnose_projects/archaius/archaius2-typesafe/src/test/java/com/netflix/archaius/typesafe/TypesafeConfigTest.java,/root/.jnose_projects/archaius/archaius2-typesafe/src/main/java/com/netflix/archaius/typesafe/TypesafeConfig.java,JUnit5,99,7,Assertion Roulette,specialChars,77,77
archaius,TypesafeConfigTest,/root/.jnose_projects/archaius/archaius2-typesafe/src/test/java/com/netflix/archaius/typesafe/TypesafeConfigTest.java,/root/.jnose_projects/archaius/archaius2-typesafe/src/main/java/com/netflix/archaius/typesafe/TypesafeConfig.java,JUnit5,99,7,Assertion Roulette,iterate,84,84
archaius,TypesafeConfigTest,/root/.jnose_projects/archaius/archaius2-typesafe/src/test/java/com/netflix/archaius/typesafe/TypesafeConfigTest.java,/root/.jnose_projects/archaius/archaius2-typesafe/src/main/java/com/netflix/archaius/typesafe/TypesafeConfig.java,JUnit5,99,7,Conditional Test Logic,specialChars,71 - 71,71 - 71
archaius,TypesafeConfigTest,/root/.jnose_projects/archaius/archaius2-typesafe/src/test/java/com/netflix/archaius/typesafe/TypesafeConfigTest.java,/root/.jnose_projects/archaius/archaius2-typesafe/src/main/java/com/netflix/archaius/typesafe/TypesafeConfig.java,JUnit5,99,7,Conditional Test Logic,specialChars,70 - 78,70 - 78
archaius,TypesafeConfigTest,/root/.jnose_projects/archaius/archaius2-typesafe/src/test/java/com/netflix/archaius/typesafe/TypesafeConfigTest.java,/root/.jnose_projects/archaius/archaius2-typesafe/src/main/java/com/netflix/archaius/typesafe/TypesafeConfig.java,JUnit5,99,7,Conditional Test Logic,iterate,89 - 92,89 - 92
archaius,TypesafeConfigTest,/root/.jnose_projects/archaius/archaius2-typesafe/src/test/java/com/netflix/archaius/typesafe/TypesafeConfigTest.java,/root/.jnose_projects/archaius/archaius2-typesafe/src/main/java/com/netflix/archaius/typesafe/TypesafeConfig.java,JUnit5,99,7,Conditional Test Logic,iterate,95 - 97,95 - 97
archaius,InternalArchaiusModuleTest,/root/.jnose_projects/archaius/archaius2-guice/src/test/java/com/netflix/archaius/guice/InternalArchaiusModuleTest.java,/root/.jnose_projects/archaius/archaius2-guice/src/main/java/com/netflix/archaius/guice/InternalArchaiusModule.java,JUnit5,14,1,Unknown Test,succeedOnDuplicateInstall,8 - 13,8 - 13
